# reporter: v12 (2026-09-02); filters: subbench=loglines, version=0.1, since=2026-09-03T03:50:00Z, until=2026-09-03T10:20:00Z, testee=pcrec_1989c62_auto-caps-simdna, testee=pcrec_1989c62_auto-caps-simdna_noedge; source: store/index.tsv (2 record(s) matching this query); records: 2; excluded_invalid: 0; superseded: 0; newer_not_measured: 0; subbench_versions: loglines@0.1; machines: budu-ryzen1600; schema_versions: 1.5; grain: set; single_subject_regimes: ; include_unmeasured: False; include_scratch: False; all_records: False; x13_rules: v1.4 X13 (pre-flight + trial agreement) on 2; mixed_x13: False; include_provenance: False; worst_other_core_busy: 5.71% (pcrec_1989c62_auto-caps-simdna_noedge / hex32-id / large-subject-throughput)
section	pattern	subject_or_na	regime_or_na	form	fact	testee	status	tier	rank_or_na	metric	value	n	pass_rate	n_gave_up	n_wrong	gave_up_summary	delta_verdict
record						loglines@0.1__pcrec_1989c62_auto-caps-simdna__budu-ryzen1600__20260903T091145Z				agreement	agree (0 of 22 groups; 0 of 1364 rows; 0 unjudged; k=1.5, 2/3; 5 trials)						
record						loglines@0.1__pcrec_1989c62_auto-caps-simdna_noedge__budu-ryzen1600__20260903T092014Z				agreement	agree (0 of 22 groups; 0 of 1364 rows; 0 unjudged; k=1.5, 2/3; 5 trials)						
rank	bignum	(set)	large-subject-throughput	plain	same program	pcrec_1989c62_auto-caps-simdna_noedge	measured	pinned	1	median_ns	13102237.075758	12	1.0000	0	0		
rank	bignum	(set)	large-subject-throughput	plain	same program	pcrec_1989c62_auto-caps-simdna_noedge	measured	pinned	1	min_ns	13016723.075758	12	1.0000	0	0		
rank	bignum	(set)	large-subject-throughput	plain	same program	pcrec_1989c62_auto-caps-simdna_noedge	measured	pinned	1	max_ns	13215196.969697	12	1.0000	0	0		
rank	bignum	(set)	large-subject-throughput	plain	same program	pcrec_1989c62_auto-caps-simdna_noedge	measured	pinned	1	stddev_ns	71859.555341	12	1.0000	0	0		
rank	bignum	(set)	large-subject-throughput	plain	same program	pcrec_1989c62_auto-caps-simdna_noedge	measured	pinned	1	ratio_vs_baseline	1.000000	12	1.0000	0	0		
rank	bignum	(set)	large-subject-throughput	plain	same program	pcrec_1989c62_auto-caps-simdna_noedge	measured	pinned	1	ratio_vs_best	1.000000	12	1.0000	0	0		
rank	bignum	(set)	large-subject-throughput	plain	same program	pcrec_1989c62_auto-caps-simdna	measured	pinned	2	median_ns	13204558.909091	12	1.0000	0	0		
rank	bignum	(set)	large-subject-throughput	plain	same program	pcrec_1989c62_auto-caps-simdna	measured	pinned	2	min_ns	13180039.363636	12	1.0000	0	0		
rank	bignum	(set)	large-subject-throughput	plain	same program	pcrec_1989c62_auto-caps-simdna	measured	pinned	2	max_ns	13210716.363636	12	1.0000	0	0		
rank	bignum	(set)	large-subject-throughput	plain	same program	pcrec_1989c62_auto-caps-simdna	measured	pinned	2	stddev_ns	11167.754151	12	1.0000	0	0		
rank	bignum	(set)	large-subject-throughput	plain	same program	pcrec_1989c62_auto-caps-simdna	measured	pinned	2	ratio_vs_baseline	1.007809	12	1.0000	0	0		
rank	bignum	(set)	large-subject-throughput	plain	same program	pcrec_1989c62_auto-caps-simdna	measured	pinned	2	ratio_vs_best	1.007809	12	1.0000	0	0		
rank	bignum	(set)	short-subject-search	plain	same program	pcrec_1989c62_auto-caps-simdna	measured	pinned	1	median_ns	424041.053146	112	1.0000	0	0		
rank	bignum	(set)	short-subject-search	plain	same program	pcrec_1989c62_auto-caps-simdna	measured	pinned	1	min_ns	423879.921677	112	1.0000	0	0		
rank	bignum	(set)	short-subject-search	plain	same program	pcrec_1989c62_auto-caps-simdna	measured	pinned	1	max_ns	427944.003436	112	1.0000	0	0		
rank	bignum	(set)	short-subject-search	plain	same program	pcrec_1989c62_auto-caps-simdna	measured	pinned	1	stddev_ns	1553.631710	112	1.0000	0	0		
rank	bignum	(set)	short-subject-search	plain	same program	pcrec_1989c62_auto-caps-simdna	measured	pinned	1	ratio_vs_baseline	1.000000	112	1.0000	0	0		
rank	bignum	(set)	short-subject-search	plain	same program	pcrec_1989c62_auto-caps-simdna	measured	pinned	1	ratio_vs_best	1.000000	112	1.0000	0	0		
rank	bignum	(set)	short-subject-search	plain	same program	pcrec_1989c62_auto-caps-simdna_noedge	measured	pinned	2	median_ns	429383.733207	112	1.0000	0	0		
rank	bignum	(set)	short-subject-search	plain	same program	pcrec_1989c62_auto-caps-simdna_noedge	measured	pinned	2	min_ns	427061.157162	112	1.0000	0	0		
rank	bignum	(set)	short-subject-search	plain	same program	pcrec_1989c62_auto-caps-simdna_noedge	measured	pinned	2	max_ns	430066.313083	112	1.0000	0	0		
rank	bignum	(set)	short-subject-search	plain	same program	pcrec_1989c62_auto-caps-simdna_noedge	measured	pinned	2	stddev_ns	1095.681751	112	1.0000	0	0		
rank	bignum	(set)	short-subject-search	plain	same program	pcrec_1989c62_auto-caps-simdna_noedge	measured	pinned	2	ratio_vs_baseline	1.012599	112	1.0000	0	0		
rank	bignum	(set)	short-subject-search	plain	same program	pcrec_1989c62_auto-caps-simdna_noedge	measured	pinned	2	ratio_vs_best	1.012599	112	1.0000	0	0		
rank	floor	(set)	large-subject-throughput	plain	same program	pcrec_1989c62_auto-caps-simdna_noedge	measured	pinned	1	median_ns	2903823.535055	12	1.0000	0	0		
rank	floor	(set)	large-subject-throughput	plain	same program	pcrec_1989c62_auto-caps-simdna_noedge	measured	pinned	1	min_ns	2902343.154982	12	1.0000	0	0		
rank	floor	(set)	large-subject-throughput	plain	same program	pcrec_1989c62_auto-caps-simdna_noedge	measured	pinned	1	max_ns	2910083.487085	12	1.0000	0	0		
rank	floor	(set)	large-subject-throughput	plain	same program	pcrec_1989c62_auto-caps-simdna_noedge	measured	pinned	1	stddev_ns	2770.564695	12	1.0000	0	0		
rank	floor	(set)	large-subject-throughput	plain	same program	pcrec_1989c62_auto-caps-simdna_noedge	measured	pinned	1	ratio_vs_baseline	1.000000	12	1.0000	0	0		
rank	floor	(set)	large-subject-throughput	plain	same program	pcrec_1989c62_auto-caps-simdna_noedge	measured	pinned	1	ratio_vs_best	1.000000	12	1.0000	0	0		
rank	floor	(set)	large-subject-throughput	plain	same program	pcrec_1989c62_auto-caps-simdna	measured	pinned	2	median_ns	2906314.421429	12	1.0000	0	0		
rank	floor	(set)	large-subject-throughput	plain	same program	pcrec_1989c62_auto-caps-simdna	measured	pinned	2	min_ns	2905564.564286	12	1.0000	0	0		
rank	floor	(set)	large-subject-throughput	plain	same program	pcrec_1989c62_auto-caps-simdna	measured	pinned	2	max_ns	2911637.700000	12	1.0000	0	0		
rank	floor	(set)	large-subject-throughput	plain	same program	pcrec_1989c62_auto-caps-simdna	measured	pinned	2	stddev_ns	2493.240087	12	1.0000	0	0		
rank	floor	(set)	large-subject-throughput	plain	same program	pcrec_1989c62_auto-caps-simdna	measured	pinned	2	ratio_vs_baseline	1.000858	12	1.0000	0	0		
rank	floor	(set)	large-subject-throughput	plain	same program	pcrec_1989c62_auto-caps-simdna	measured	pinned	2	ratio_vs_best	1.000858	12	1.0000	0	0		
rank	floor	(set)	short-subject-search	plain	same program	pcrec_1989c62_auto-caps-simdna	measured	pinned	1	median_ns	2040.644951	112	1.0000	0	0		
rank	floor	(set)	short-subject-search	plain	same program	pcrec_1989c62_auto-caps-simdna	measured	pinned	1	min_ns	2035.475968	112	1.0000	0	0		
rank	floor	(set)	short-subject-search	plain	same program	pcrec_1989c62_auto-caps-simdna	measured	pinned	1	max_ns	2056.862935	112	1.0000	0	0		
rank	floor	(set)	short-subject-search	plain	same program	pcrec_1989c62_auto-caps-simdna	measured	pinned	1	stddev_ns	8.228363	112	1.0000	0	0		
rank	floor	(set)	short-subject-search	plain	same program	pcrec_1989c62_auto-caps-simdna	measured	pinned	1	ratio_vs_baseline	1.000000	112	1.0000	0	0		
rank	floor	(set)	short-subject-search	plain	same program	pcrec_1989c62_auto-caps-simdna	measured	pinned	1	ratio_vs_best	1.000000	112	1.0000	0	0		
rank	floor	(set)	short-subject-search	plain	same program	pcrec_1989c62_auto-caps-simdna_noedge	measured	pinned	2	median_ns	2042.248815	112	1.0000	0	0		
rank	floor	(set)	short-subject-search	plain	same program	pcrec_1989c62_auto-caps-simdna_noedge	measured	pinned	2	min_ns	2038.455295	112	1.0000	0	0		
rank	floor	(set)	short-subject-search	plain	same program	pcrec_1989c62_auto-caps-simdna_noedge	measured	pinned	2	max_ns	2044.413180	112	1.0000	0	0		
rank	floor	(set)	short-subject-search	plain	same program	pcrec_1989c62_auto-caps-simdna_noedge	measured	pinned	2	stddev_ns	2.163947	112	1.0000	0	0		
rank	floor	(set)	short-subject-search	plain	same program	pcrec_1989c62_auto-caps-simdna_noedge	measured	pinned	2	ratio_vs_baseline	1.000786	112	1.0000	0	0		
rank	floor	(set)	short-subject-search	plain	same program	pcrec_1989c62_auto-caps-simdna_noedge	measured	pinned	2	ratio_vs_best	1.000786	112	1.0000	0	0		
rank	hex32-id	(set)	large-subject-throughput	plain	same program	pcrec_1989c62_auto-caps-simdna	measured	pinned	1	median_ns	13192744.970149	12	1.0000	0	0		
rank	hex32-id	(set)	large-subject-throughput	plain	same program	pcrec_1989c62_auto-caps-simdna	measured	pinned	1	min_ns	13087767.164179	12	1.0000	0	0		
rank	hex32-id	(set)	large-subject-throughput	plain	same program	pcrec_1989c62_auto-caps-simdna	measured	pinned	1	max_ns	13195846.597015	12	1.0000	0	0		
rank	hex32-id	(set)	large-subject-throughput	plain	same program	pcrec_1989c62_auto-caps-simdna	measured	pinned	1	stddev_ns	41991.686105	12	1.0000	0	0		
rank	hex32-id	(set)	large-subject-throughput	plain	same program	pcrec_1989c62_auto-caps-simdna	measured	pinned	1	ratio_vs_baseline	1.000000	12	1.0000	0	0		
rank	hex32-id	(set)	large-subject-throughput	plain	same program	pcrec_1989c62_auto-caps-simdna	measured	pinned	1	ratio_vs_best	1.000000	12	1.0000	0	0		
rank	hex32-id	(set)	large-subject-throughput	plain	same program	pcrec_1989c62_auto-caps-simdna_noedge	measured	pinned	2	median_ns	13209215.893939	12	1.0000	0	0		
rank	hex32-id	(set)	large-subject-throughput	plain	same program	pcrec_1989c62_auto-caps-simdna_noedge	measured	pinned	2	min_ns	13073297.045455	12	1.0000	0	0		
rank	hex32-id	(set)	large-subject-throughput	plain	same program	pcrec_1989c62_auto-caps-simdna_noedge	measured	pinned	2	max_ns	13219476.393939	12	1.0000	0	0		
rank	hex32-id	(set)	large-subject-throughput	plain	same program	pcrec_1989c62_auto-caps-simdna_noedge	measured	pinned	2	stddev_ns	55460.112214	12	1.0000	0	0		
rank	hex32-id	(set)	large-subject-throughput	plain	same program	pcrec_1989c62_auto-caps-simdna_noedge	measured	pinned	2	ratio_vs_baseline	1.001248	12	1.0000	0	0		
rank	hex32-id	(set)	large-subject-throughput	plain	same program	pcrec_1989c62_auto-caps-simdna_noedge	measured	pinned	2	ratio_vs_best	1.001248	12	1.0000	0	0		
rank	hex32-id	(set)	short-subject-search	plain	same program	pcrec_1989c62_auto-caps-simdna_noedge	measured	pinned	1	median_ns	434128.070053	112	1.0000	0	0		
rank	hex32-id	(set)	short-subject-search	plain	same program	pcrec_1989c62_auto-caps-simdna_noedge	measured	pinned	1	min_ns	430110.836003	112	1.0000	0	0		
rank	hex32-id	(set)	short-subject-search	plain	same program	pcrec_1989c62_auto-caps-simdna_noedge	measured	pinned	1	max_ns	435216.102734	112	1.0000	0	0		
rank	hex32-id	(set)	short-subject-search	plain	same program	pcrec_1989c62_auto-caps-simdna_noedge	measured	pinned	1	stddev_ns	1884.848905	112	1.0000	0	0		
rank	hex32-id	(set)	short-subject-search	plain	same program	pcrec_1989c62_auto-caps-simdna_noedge	measured	pinned	1	ratio_vs_baseline	1.000000	112	1.0000	0	0		
rank	hex32-id	(set)	short-subject-search	plain	same program	pcrec_1989c62_auto-caps-simdna_noedge	measured	pinned	1	ratio_vs_best	1.000000	112	1.0000	0	0		
rank	hex32-id	(set)	short-subject-search	plain	same program	pcrec_1989c62_auto-caps-simdna	measured	pinned	2	median_ns	434739.403874	112	1.0000	0	0		
rank	hex32-id	(set)	short-subject-search	plain	same program	pcrec_1989c62_auto-caps-simdna	measured	pinned	2	min_ns	430547.624086	112	1.0000	0	0		
rank	hex32-id	(set)	short-subject-search	plain	same program	pcrec_1989c62_auto-caps-simdna	measured	pinned	2	max_ns	435186.903367	112	1.0000	0	0		
rank	hex32-id	(set)	short-subject-search	plain	same program	pcrec_1989c62_auto-caps-simdna	measured	pinned	2	stddev_ns	1703.728007	112	1.0000	0	0		
rank	hex32-id	(set)	short-subject-search	plain	same program	pcrec_1989c62_auto-caps-simdna	measured	pinned	2	ratio_vs_baseline	1.001408	112	1.0000	0	0		
rank	hex32-id	(set)	short-subject-search	plain	same program	pcrec_1989c62_auto-caps-simdna	measured	pinned	2	ratio_vs_best	1.001408	112	1.0000	0	0		
rank	http-5xx	(set)	large-subject-throughput	plain	same program	pcrec_1989c62_auto-caps-simdna_noedge	measured	pinned	1	median_ns	253147.873369	12	1.0000	0	0		
rank	http-5xx	(set)	large-subject-throughput	plain	same program	pcrec_1989c62_auto-caps-simdna_noedge	measured	pinned	1	min_ns	252900.236378	12	1.0000	0	0		
rank	http-5xx	(set)	large-subject-throughput	plain	same program	pcrec_1989c62_auto-caps-simdna_noedge	measured	pinned	1	max_ns	258545.907521	12	1.0000	0	0		
rank	http-5xx	(set)	large-subject-throughput	plain	same program	pcrec_1989c62_auto-caps-simdna_noedge	measured	pinned	1	stddev_ns	2179.731062	12	1.0000	0	0		
rank	http-5xx	(set)	large-subject-throughput	plain	same program	pcrec_1989c62_auto-caps-simdna_noedge	measured	pinned	1	ratio_vs_baseline	1.000000	12	1.0000	0	0		
rank	http-5xx	(set)	large-subject-throughput	plain	same program	pcrec_1989c62_auto-caps-simdna_noedge	measured	pinned	1	ratio_vs_best	1.000000	12	1.0000	0	0		
rank	http-5xx	(set)	large-subject-throughput	plain	same program	pcrec_1989c62_auto-caps-simdna	measured	pinned	2	median_ns	260608.351695	12	1.0000	0	0		
rank	http-5xx	(set)	large-subject-throughput	plain	same program	pcrec_1989c62_auto-caps-simdna	measured	pinned	2	min_ns	259835.661669	12	1.0000	0	0		
rank	http-5xx	(set)	large-subject-throughput	plain	same program	pcrec_1989c62_auto-caps-simdna	measured	pinned	2	max_ns	263538.010430	12	1.0000	0	0		
rank	http-5xx	(set)	large-subject-throughput	plain	same program	pcrec_1989c62_auto-caps-simdna	measured	pinned	2	stddev_ns	1294.440065	12	1.0000	0	0		
rank	http-5xx	(set)	large-subject-throughput	plain	same program	pcrec_1989c62_auto-caps-simdna	measured	pinned	2	ratio_vs_baseline	1.029471	12	1.0000	0	0		
rank	http-5xx	(set)	large-subject-throughput	plain	same program	pcrec_1989c62_auto-caps-simdna	measured	pinned	2	ratio_vs_best	1.029471	12	1.0000	0	0		
rank	http-5xx	(set)	short-subject-search	plain	same program	pcrec_1989c62_auto-caps-simdna_noedge	measured	pinned	1	median_ns	7065.111876	112	1.0000	0	0		
rank	http-5xx	(set)	short-subject-search	plain	same program	pcrec_1989c62_auto-caps-simdna_noedge	measured	pinned	1	min_ns	7049.582292	112	1.0000	0	0		
rank	http-5xx	(set)	short-subject-search	plain	same program	pcrec_1989c62_auto-caps-simdna_noedge	measured	pinned	1	max_ns	7096.296564	112	1.0000	0	0		
rank	http-5xx	(set)	short-subject-search	plain	same program	pcrec_1989c62_auto-caps-simdna_noedge	measured	pinned	1	stddev_ns	18.601499	112	1.0000	0	0		
rank	http-5xx	(set)	short-subject-search	plain	same program	pcrec_1989c62_auto-caps-simdna_noedge	measured	pinned	1	ratio_vs_baseline	1.000000	112	1.0000	0	0		
rank	http-5xx	(set)	short-subject-search	plain	same program	pcrec_1989c62_auto-caps-simdna_noedge	measured	pinned	1	ratio_vs_best	1.000000	112	1.0000	0	0		
rank	http-5xx	(set)	short-subject-search	plain	same program	pcrec_1989c62_auto-caps-simdna	measured	pinned	2	median_ns	7274.039632	112	1.0000	0	0		
rank	http-5xx	(set)	short-subject-search	plain	same program	pcrec_1989c62_auto-caps-simdna	measured	pinned	2	min_ns	7236.147396	112	1.0000	0	0		
rank	http-5xx	(set)	short-subject-search	plain	same program	pcrec_1989c62_auto-caps-simdna	measured	pinned	2	max_ns	7293.843429	112	1.0000	0	0		
rank	http-5xx	(set)	short-subject-search	plain	same program	pcrec_1989c62_auto-caps-simdna	measured	pinned	2	stddev_ns	20.582511	112	1.0000	0	0		
rank	http-5xx	(set)	short-subject-search	plain	same program	pcrec_1989c62_auto-caps-simdna	measured	pinned	2	ratio_vs_baseline	1.029572	112	1.0000	0	0		
rank	http-5xx	(set)	short-subject-search	plain	same program	pcrec_1989c62_auto-caps-simdna	measured	pinned	2	ratio_vs_best	1.029572	112	1.0000	0	0		
rank	ipv4	(set)	large-subject-throughput	plain	same program	pcrec_1989c62_auto-caps-simdna	measured	pinned	1	median_ns	6883339.021277	12	1.0000	0	0		
rank	ipv4	(set)	large-subject-throughput	plain	same program	pcrec_1989c62_auto-caps-simdna	measured	pinned	1	min_ns	6873948.687943	12	1.0000	0	0		
rank	ipv4	(set)	large-subject-throughput	plain	same program	pcrec_1989c62_auto-caps-simdna	measured	pinned	1	max_ns	6913062.609929	12	1.0000	0	0		
rank	ipv4	(set)	large-subject-throughput	plain	same program	pcrec_1989c62_auto-caps-simdna	measured	pinned	1	stddev_ns	15973.201578	12	1.0000	0	0		
rank	ipv4	(set)	large-subject-throughput	plain	same program	pcrec_1989c62_auto-caps-simdna	measured	pinned	1	ratio_vs_baseline	1.000000	12	1.0000	0	0		
rank	ipv4	(set)	large-subject-throughput	plain	same program	pcrec_1989c62_auto-caps-simdna	measured	pinned	1	ratio_vs_best	1.000000	12	1.0000	0	0		
rank	ipv4	(set)	large-subject-throughput	plain	same program	pcrec_1989c62_auto-caps-simdna_noedge	measured	pinned	2	median_ns	6911292.514925	12	1.0000	0	0		
rank	ipv4	(set)	large-subject-throughput	plain	same program	pcrec_1989c62_auto-caps-simdna_noedge	measured	pinned	2	min_ns	6865406.641791	12	1.0000	0	0		
rank	ipv4	(set)	large-subject-throughput	plain	same program	pcrec_1989c62_auto-caps-simdna_noedge	measured	pinned	2	max_ns	6923857.440299	12	1.0000	0	0		
rank	ipv4	(set)	large-subject-throughput	plain	same program	pcrec_1989c62_auto-caps-simdna_noedge	measured	pinned	2	stddev_ns	22350.494518	12	1.0000	0	0		
rank	ipv4	(set)	large-subject-throughput	plain	same program	pcrec_1989c62_auto-caps-simdna_noedge	measured	pinned	2	ratio_vs_baseline	1.004061	12	1.0000	0	0		
rank	ipv4	(set)	large-subject-throughput	plain	same program	pcrec_1989c62_auto-caps-simdna_noedge	measured	pinned	2	ratio_vs_best	1.004061	12	1.0000	0	0		
rank	ipv4	(set)	short-subject-search	plain	same program	pcrec_1989c62_auto-caps-simdna	measured	pinned	1	median_ns	204265.659392	112	1.0000	0	0		
rank	ipv4	(set)	short-subject-search	plain	same program	pcrec_1989c62_auto-caps-simdna	measured	pinned	1	min_ns	203720.576928	112	1.0000	0	0		
rank	ipv4	(set)	short-subject-search	plain	same program	pcrec_1989c62_auto-caps-simdna	measured	pinned	1	max_ns	204930.607195	112	1.0000	0	0		
rank	ipv4	(set)	short-subject-search	plain	same program	pcrec_1989c62_auto-caps-simdna	measured	pinned	1	stddev_ns	443.391220	112	1.0000	0	0		
rank	ipv4	(set)	short-subject-search	plain	same program	pcrec_1989c62_auto-caps-simdna	measured	pinned	1	ratio_vs_baseline	1.000000	112	1.0000	0	0		
rank	ipv4	(set)	short-subject-search	plain	same program	pcrec_1989c62_auto-caps-simdna	measured	pinned	1	ratio_vs_best	1.000000	112	1.0000	0	0		
rank	ipv4	(set)	short-subject-search	plain	same program	pcrec_1989c62_auto-caps-simdna_noedge	measured	pinned	2	median_ns	204593.210134	112	1.0000	0	0		
rank	ipv4	(set)	short-subject-search	plain	same program	pcrec_1989c62_auto-caps-simdna_noedge	measured	pinned	2	min_ns	204281.962242	112	1.0000	0	0		
rank	ipv4	(set)	short-subject-search	plain	same program	pcrec_1989c62_auto-caps-simdna_noedge	measured	pinned	2	max_ns	206476.115186	112	1.0000	0	0		
rank	ipv4	(set)	short-subject-search	plain	same program	pcrec_1989c62_auto-caps-simdna_noedge	measured	pinned	2	stddev_ns	809.144971	112	1.0000	0	0		
rank	ipv4	(set)	short-subject-search	plain	same program	pcrec_1989c62_auto-caps-simdna_noedge	measured	pinned	2	ratio_vs_baseline	1.001604	112	1.0000	0	0		
rank	ipv4	(set)	short-subject-search	plain	same program	pcrec_1989c62_auto-caps-simdna_noedge	measured	pinned	2	ratio_vs_best	1.001604	112	1.0000	0	0		
rank	ipv6	(set)	large-subject-throughput	plain	same program	pcrec_1989c62_auto-caps-simdna_noedge	measured	pinned	1	median_ns	10326279.447059	12	1.0000	0	0		
rank	ipv6	(set)	large-subject-throughput	plain	same program	pcrec_1989c62_auto-caps-simdna_noedge	measured	pinned	1	min_ns	10305678.764706	12	1.0000	0	0		
rank	ipv6	(set)	large-subject-throughput	plain	same program	pcrec_1989c62_auto-caps-simdna_noedge	measured	pinned	1	max_ns	10337102.929412	12	1.0000	0	0		
rank	ipv6	(set)	large-subject-throughput	plain	same program	pcrec_1989c62_auto-caps-simdna_noedge	measured	pinned	1	stddev_ns	10993.143674	12	1.0000	0	0		
rank	ipv6	(set)	large-subject-throughput	plain	same program	pcrec_1989c62_auto-caps-simdna_noedge	measured	pinned	1	ratio_vs_baseline	1.000000	12	1.0000	0	0		
rank	ipv6	(set)	large-subject-throughput	plain	same program	pcrec_1989c62_auto-caps-simdna_noedge	measured	pinned	1	ratio_vs_best	1.000000	12	1.0000	0	0		
rank	ipv6	(set)	large-subject-throughput	plain	same program	pcrec_1989c62_auto-caps-simdna	measured	pinned	2	median_ns	10585307.348837	12	1.0000	0	0		
rank	ipv6	(set)	large-subject-throughput	plain	same program	pcrec_1989c62_auto-caps-simdna	measured	pinned	2	min_ns	10523288.616279	12	1.0000	0	0		
rank	ipv6	(set)	large-subject-throughput	plain	same program	pcrec_1989c62_auto-caps-simdna	measured	pinned	2	max_ns	10605054.813953	12	1.0000	0	0		
rank	ipv6	(set)	large-subject-throughput	plain	same program	pcrec_1989c62_auto-caps-simdna	measured	pinned	2	stddev_ns	27793.279335	12	1.0000	0	0		
rank	ipv6	(set)	large-subject-throughput	plain	same program	pcrec_1989c62_auto-caps-simdna	measured	pinned	2	ratio_vs_baseline	1.025084	12	1.0000	0	0		
rank	ipv6	(set)	large-subject-throughput	plain	same program	pcrec_1989c62_auto-caps-simdna	measured	pinned	2	ratio_vs_best	1.025084	12	1.0000	0	0		
rank	ipv6	(set)	short-subject-search	plain	same program	pcrec_1989c62_auto-caps-simdna_noedge	measured	pinned	1	median_ns	258519.775004	112	1.0000	0	0		
rank	ipv6	(set)	short-subject-search	plain	same program	pcrec_1989c62_auto-caps-simdna_noedge	measured	pinned	1	min_ns	258384.482462	112	1.0000	0	0		
rank	ipv6	(set)	short-subject-search	plain	same program	pcrec_1989c62_auto-caps-simdna_noedge	measured	pinned	1	max_ns	259083.102590	112	1.0000	0	0		
rank	ipv6	(set)	short-subject-search	plain	same program	pcrec_1989c62_auto-caps-simdna_noedge	measured	pinned	1	stddev_ns	291.520688	112	1.0000	0	0		
rank	ipv6	(set)	short-subject-search	plain	same program	pcrec_1989c62_auto-caps-simdna_noedge	measured	pinned	1	ratio_vs_baseline	1.000000	112	1.0000	0	0		
rank	ipv6	(set)	short-subject-search	plain	same program	pcrec_1989c62_auto-caps-simdna_noedge	measured	pinned	1	ratio_vs_best	1.000000	112	1.0000	0	0		
rank	ipv6	(set)	short-subject-search	plain	same program	pcrec_1989c62_auto-caps-simdna	measured	pinned	2	median_ns	264395.155714	112	1.0000	0	0		
rank	ipv6	(set)	short-subject-search	plain	same program	pcrec_1989c62_auto-caps-simdna	measured	pinned	2	min_ns	263518.742557	112	1.0000	0	0		
rank	ipv6	(set)	short-subject-search	plain	same program	pcrec_1989c62_auto-caps-simdna	measured	pinned	2	max_ns	265482.982156	112	1.0000	0	0		
rank	ipv6	(set)	short-subject-search	plain	same program	pcrec_1989c62_auto-caps-simdna	measured	pinned	2	stddev_ns	754.900353	112	1.0000	0	0		
rank	ipv6	(set)	short-subject-search	plain	same program	pcrec_1989c62_auto-caps-simdna	measured	pinned	2	ratio_vs_baseline	1.022727	112	1.0000	0	0		
rank	ipv6	(set)	short-subject-search	plain	same program	pcrec_1989c62_auto-caps-simdna	measured	pinned	2	ratio_vs_best	1.022727	112	1.0000	0	0		
rank	iso-ts	(set)	large-subject-throughput	plain	same program	pcrec_1989c62_auto-caps-simdna_noedge	measured	pinned	1	median_ns	1142841.781797	12	1.0000	0	0		
rank	iso-ts	(set)	large-subject-throughput	plain	same program	pcrec_1989c62_auto-caps-simdna_noedge	measured	pinned	1	min_ns	1141513.093349	12	1.0000	0	0		
rank	iso-ts	(set)	large-subject-throughput	plain	same program	pcrec_1989c62_auto-caps-simdna_noedge	measured	pinned	1	max_ns	1143936.562427	12	1.0000	0	0		
rank	iso-ts	(set)	large-subject-throughput	plain	same program	pcrec_1989c62_auto-caps-simdna_noedge	measured	pinned	1	stddev_ns	793.835917	12	1.0000	0	0		
rank	iso-ts	(set)	large-subject-throughput	plain	same program	pcrec_1989c62_auto-caps-simdna_noedge	measured	pinned	1	ratio_vs_baseline	1.000000	12	1.0000	0	0		
rank	iso-ts	(set)	large-subject-throughput	plain	same program	pcrec_1989c62_auto-caps-simdna_noedge	measured	pinned	1	ratio_vs_best	1.000000	12	1.0000	0	0		
rank	iso-ts	(set)	large-subject-throughput	plain	same program	pcrec_1989c62_auto-caps-simdna	measured	pinned	2	median_ns	1219353.043902	12	1.0000	0	0		
rank	iso-ts	(set)	large-subject-throughput	plain	same program	pcrec_1989c62_auto-caps-simdna	measured	pinned	2	min_ns	1217985.598780	12	1.0000	0	0		
rank	iso-ts	(set)	large-subject-throughput	plain	same program	pcrec_1989c62_auto-caps-simdna	measured	pinned	2	max_ns	1226766.710976	12	1.0000	0	0		
rank	iso-ts	(set)	large-subject-throughput	plain	same program	pcrec_1989c62_auto-caps-simdna	measured	pinned	2	stddev_ns	3131.566455	12	1.0000	0	0		
rank	iso-ts	(set)	large-subject-throughput	plain	same program	pcrec_1989c62_auto-caps-simdna	measured	pinned	2	ratio_vs_baseline	1.066948	12	1.0000	0	0		
rank	iso-ts	(set)	large-subject-throughput	plain	same program	pcrec_1989c62_auto-caps-simdna	measured	pinned	2	ratio_vs_best	1.066948	12	1.0000	0	0		
rank	iso-ts	(set)	short-subject-search	plain	same program	pcrec_1989c62_auto-caps-simdna_noedge	measured	pinned	1	median_ns	20494.005555	112	1.0000	0	0		
rank	iso-ts	(set)	short-subject-search	plain	same program	pcrec_1989c62_auto-caps-simdna_noedge	measured	pinned	1	min_ns	20440.159798	112	1.0000	0	0		
rank	iso-ts	(set)	short-subject-search	plain	same program	pcrec_1989c62_auto-caps-simdna_noedge	measured	pinned	1	max_ns	20555.483215	112	1.0000	0	0		
rank	iso-ts	(set)	short-subject-search	plain	same program	pcrec_1989c62_auto-caps-simdna_noedge	measured	pinned	1	stddev_ns	36.622732	112	1.0000	0	0		
rank	iso-ts	(set)	short-subject-search	plain	same program	pcrec_1989c62_auto-caps-simdna_noedge	measured	pinned	1	ratio_vs_baseline	1.000000	112	1.0000	0	0		
rank	iso-ts	(set)	short-subject-search	plain	same program	pcrec_1989c62_auto-caps-simdna_noedge	measured	pinned	1	ratio_vs_best	1.000000	112	1.0000	0	0		
rank	iso-ts	(set)	short-subject-search	plain	same program	pcrec_1989c62_auto-caps-simdna	measured	pinned	2	median_ns	22322.346590	112	1.0000	0	0		
rank	iso-ts	(set)	short-subject-search	plain	same program	pcrec_1989c62_auto-caps-simdna	measured	pinned	2	min_ns	22292.547236	112	1.0000	0	0		
rank	iso-ts	(set)	short-subject-search	plain	same program	pcrec_1989c62_auto-caps-simdna	measured	pinned	2	max_ns	22410.814079	112	1.0000	0	0		
rank	iso-ts	(set)	short-subject-search	plain	same program	pcrec_1989c62_auto-caps-simdna	measured	pinned	2	stddev_ns	40.137845	112	1.0000	0	0		
rank	iso-ts	(set)	short-subject-search	plain	same program	pcrec_1989c62_auto-caps-simdna	measured	pinned	2	ratio_vs_baseline	1.089213	112	1.0000	0	0		
rank	iso-ts	(set)	short-subject-search	plain	same program	pcrec_1989c62_auto-caps-simdna	measured	pinned	2	ratio_vs_best	1.089213	112	1.0000	0	0		
rank	kv-quoted	(set)	large-subject-throughput	plain	same program	pcrec_1989c62_auto-caps-simdna_noedge	measured	pinned	1	median_ns	14444430.298246	12	1.0000	0	0		
rank	kv-quoted	(set)	large-subject-throughput	plain	same program	pcrec_1989c62_auto-caps-simdna_noedge	measured	pinned	1	min_ns	14296869.543860	12	1.0000	0	0		
rank	kv-quoted	(set)	large-subject-throughput	plain	same program	pcrec_1989c62_auto-caps-simdna_noedge	measured	pinned	1	max_ns	14653559.456140	12	1.0000	0	0		
rank	kv-quoted	(set)	large-subject-throughput	plain	same program	pcrec_1989c62_auto-caps-simdna_noedge	measured	pinned	1	stddev_ns	119753.765717	12	1.0000	0	0		
rank	kv-quoted	(set)	large-subject-throughput	plain	same program	pcrec_1989c62_auto-caps-simdna_noedge	measured	pinned	1	ratio_vs_baseline	1.000000	12	1.0000	0	0		
rank	kv-quoted	(set)	large-subject-throughput	plain	same program	pcrec_1989c62_auto-caps-simdna_noedge	measured	pinned	1	ratio_vs_best	1.000000	12	1.0000	0	0		
rank	kv-quoted	(set)	large-subject-throughput	plain	same program	pcrec_1989c62_auto-caps-simdna	measured	pinned	2	median_ns	14461684.275862	12	1.0000	0	0		
rank	kv-quoted	(set)	large-subject-throughput	plain	same program	pcrec_1989c62_auto-caps-simdna	measured	pinned	2	min_ns	14093725.879310	12	1.0000	0	0		
rank	kv-quoted	(set)	large-subject-throughput	plain	same program	pcrec_1989c62_auto-caps-simdna	measured	pinned	2	max_ns	15027725.241379	12	1.0000	0	0		
rank	kv-quoted	(set)	large-subject-throughput	plain	same program	pcrec_1989c62_auto-caps-simdna	measured	pinned	2	stddev_ns	316871.083557	12	1.0000	0	0		
rank	kv-quoted	(set)	large-subject-throughput	plain	same program	pcrec_1989c62_auto-caps-simdna	measured	pinned	2	ratio_vs_baseline	1.001195	12	1.0000	0	0		
rank	kv-quoted	(set)	large-subject-throughput	plain	same program	pcrec_1989c62_auto-caps-simdna	measured	pinned	2	ratio_vs_best	1.001195	12	1.0000	0	0		
rank	kv-quoted	(set)	short-subject-search	plain	same program	pcrec_1989c62_auto-caps-simdna	measured	pinned	1	median_ns	508183.456547	112	1.0000	0	0		
rank	kv-quoted	(set)	short-subject-search	plain	same program	pcrec_1989c62_auto-caps-simdna	measured	pinned	1	min_ns	504216.902222	112	1.0000	0	0		
rank	kv-quoted	(set)	short-subject-search	plain	same program	pcrec_1989c62_auto-caps-simdna	measured	pinned	1	max_ns	523041.506651	112	1.0000	0	0		
rank	kv-quoted	(set)	short-subject-search	plain	same program	pcrec_1989c62_auto-caps-simdna	measured	pinned	1	stddev_ns	8383.744087	112	1.0000	0	0		
rank	kv-quoted	(set)	short-subject-search	plain	same program	pcrec_1989c62_auto-caps-simdna	measured	pinned	1	ratio_vs_baseline	1.000000	112	1.0000	0	0		
rank	kv-quoted	(set)	short-subject-search	plain	same program	pcrec_1989c62_auto-caps-simdna	measured	pinned	1	ratio_vs_best	1.000000	112	1.0000	0	0		
rank	kv-quoted	(set)	short-subject-search	plain	same program	pcrec_1989c62_auto-caps-simdna_noedge	measured	pinned	2	median_ns	509713.252467	112	1.0000	0	0		
rank	kv-quoted	(set)	short-subject-search	plain	same program	pcrec_1989c62_auto-caps-simdna_noedge	measured	pinned	2	min_ns	508821.137383	112	1.0000	0	0		
rank	kv-quoted	(set)	short-subject-search	plain	same program	pcrec_1989c62_auto-caps-simdna_noedge	measured	pinned	2	max_ns	511957.984930	112	1.0000	0	0		
rank	kv-quoted	(set)	short-subject-search	plain	same program	pcrec_1989c62_auto-caps-simdna_noedge	measured	pinned	2	stddev_ns	1291.703403	112	1.0000	0	0		
rank	kv-quoted	(set)	short-subject-search	plain	same program	pcrec_1989c62_auto-caps-simdna_noedge	measured	pinned	2	ratio_vs_baseline	1.003010	112	1.0000	0	0		
rank	kv-quoted	(set)	short-subject-search	plain	same program	pcrec_1989c62_auto-caps-simdna_noedge	measured	pinned	2	ratio_vs_best	1.003010	112	1.0000	0	0		
rank	level-context	(set)	large-subject-throughput	plain	same program	pcrec_1989c62_auto-caps-simdna_noedge	measured	pinned	1	median_ns	11065736.632911	12	1.0000	0	0		
rank	level-context	(set)	large-subject-throughput	plain	same program	pcrec_1989c62_auto-caps-simdna_noedge	measured	pinned	1	min_ns	11061014.835443	12	1.0000	0	0		
rank	level-context	(set)	large-subject-throughput	plain	same program	pcrec_1989c62_auto-caps-simdna_noedge	measured	pinned	1	max_ns	11078249.240506	12	1.0000	0	0		
rank	level-context	(set)	large-subject-throughput	plain	same program	pcrec_1989c62_auto-caps-simdna_noedge	measured	pinned	1	stddev_ns	7702.344369	12	1.0000	0	0		
rank	level-context	(set)	large-subject-throughput	plain	same program	pcrec_1989c62_auto-caps-simdna_noedge	measured	pinned	1	ratio_vs_baseline	1.000000	12	1.0000	0	0		
rank	level-context	(set)	large-subject-throughput	plain	same program	pcrec_1989c62_auto-caps-simdna_noedge	measured	pinned	1	ratio_vs_best	1.000000	12	1.0000	0	0		
rank	level-context	(set)	large-subject-throughput	plain	same program	pcrec_1989c62_auto-caps-simdna	measured	pinned	2	median_ns	11104311.166667	12	1.0000	0	0		
rank	level-context	(set)	large-subject-throughput	plain	same program	pcrec_1989c62_auto-caps-simdna	measured	pinned	2	min_ns	11065008.230769	12	1.0000	0	0		
rank	level-context	(set)	large-subject-throughput	plain	same program	pcrec_1989c62_auto-caps-simdna	measured	pinned	2	max_ns	11122984.602564	12	1.0000	0	0		
rank	level-context	(set)	large-subject-throughput	plain	same program	pcrec_1989c62_auto-caps-simdna	measured	pinned	2	stddev_ns	20593.994776	12	1.0000	0	0		
rank	level-context	(set)	large-subject-throughput	plain	same program	pcrec_1989c62_auto-caps-simdna	measured	pinned	2	ratio_vs_baseline	1.003486	12	1.0000	0	0		
rank	level-context	(set)	large-subject-throughput	plain	same program	pcrec_1989c62_auto-caps-simdna	measured	pinned	2	ratio_vs_best	1.003486	12	1.0000	0	0		
rank	level-context	(set)	short-subject-search	plain	same program	pcrec_1989c62_auto-caps-simdna	measured	pinned	1	median_ns	335031.282794	112	1.0000	0	0		
rank	level-context	(set)	short-subject-search	plain	same program	pcrec_1989c62_auto-caps-simdna	measured	pinned	1	min_ns	334438.640841	112	1.0000	0	0		
rank	level-context	(set)	short-subject-search	plain	same program	pcrec_1989c62_auto-caps-simdna	measured	pinned	1	max_ns	335723.308840	112	1.0000	0	0		
rank	level-context	(set)	short-subject-search	plain	same program	pcrec_1989c62_auto-caps-simdna	measured	pinned	1	stddev_ns	410.065066	112	1.0000	0	0		
rank	level-context	(set)	short-subject-search	plain	same program	pcrec_1989c62_auto-caps-simdna	measured	pinned	1	ratio_vs_baseline	1.000000	112	1.0000	0	0		
rank	level-context	(set)	short-subject-search	plain	same program	pcrec_1989c62_auto-caps-simdna	measured	pinned	1	ratio_vs_best	1.000000	112	1.0000	0	0		
rank	level-context	(set)	short-subject-search	plain	same program	pcrec_1989c62_auto-caps-simdna_noedge	measured	pinned	2	median_ns	335202.868956	112	1.0000	0	0		
rank	level-context	(set)	short-subject-search	plain	same program	pcrec_1989c62_auto-caps-simdna_noedge	measured	pinned	2	min_ns	334688.433035	112	1.0000	0	0		
rank	level-context	(set)	short-subject-search	plain	same program	pcrec_1989c62_auto-caps-simdna_noedge	measured	pinned	2	max_ns	336094.020077	112	1.0000	0	0		
rank	level-context	(set)	short-subject-search	plain	same program	pcrec_1989c62_auto-caps-simdna_noedge	measured	pinned	2	stddev_ns	496.013418	112	1.0000	0	0		
rank	level-context	(set)	short-subject-search	plain	same program	pcrec_1989c62_auto-caps-simdna_noedge	measured	pinned	2	ratio_vs_baseline	1.000512	112	1.0000	0	0		
rank	level-context	(set)	short-subject-search	plain	same program	pcrec_1989c62_auto-caps-simdna_noedge	measured	pinned	2	ratio_vs_best	1.000512	112	1.0000	0	0		
rank	stack-frame	(set)	large-subject-throughput	plain	same program	pcrec_1989c62_auto-caps-simdna_noedge	measured	pinned	1	median_ns	1846956.957082	12	1.0000	0	0		
rank	stack-frame	(set)	large-subject-throughput	plain	same program	pcrec_1989c62_auto-caps-simdna_noedge	measured	pinned	1	min_ns	1844481.922747	12	1.0000	0	0		
rank	stack-frame	(set)	large-subject-throughput	plain	same program	pcrec_1989c62_auto-caps-simdna_noedge	measured	pinned	1	max_ns	1851947.869099	12	1.0000	0	0		
rank	stack-frame	(set)	large-subject-throughput	plain	same program	pcrec_1989c62_auto-caps-simdna_noedge	measured	pinned	1	stddev_ns	2535.099957	12	1.0000	0	0		
rank	stack-frame	(set)	large-subject-throughput	plain	same program	pcrec_1989c62_auto-caps-simdna_noedge	measured	pinned	1	ratio_vs_baseline	1.000000	12	1.0000	0	0		
rank	stack-frame	(set)	large-subject-throughput	plain	same program	pcrec_1989c62_auto-caps-simdna_noedge	measured	pinned	1	ratio_vs_best	1.000000	12	1.0000	0	0		
rank	stack-frame	(set)	large-subject-throughput	plain	same program	pcrec_1989c62_auto-caps-simdna	measured	pinned	2	median_ns	1847115.684989	12	1.0000	0	0		
rank	stack-frame	(set)	large-subject-throughput	plain	same program	pcrec_1989c62_auto-caps-simdna	measured	pinned	2	min_ns	1845045.397463	12	1.0000	0	0		
rank	stack-frame	(set)	large-subject-throughput	plain	same program	pcrec_1989c62_auto-caps-simdna	measured	pinned	2	max_ns	1848459.162791	12	1.0000	0	0		
rank	stack-frame	(set)	large-subject-throughput	plain	same program	pcrec_1989c62_auto-caps-simdna	measured	pinned	2	stddev_ns	1121.147580	12	1.0000	0	0		
rank	stack-frame	(set)	large-subject-throughput	plain	same program	pcrec_1989c62_auto-caps-simdna	measured	pinned	2	ratio_vs_baseline	1.000086	12	1.0000	0	0		
rank	stack-frame	(set)	large-subject-throughput	plain	same program	pcrec_1989c62_auto-caps-simdna	measured	pinned	2	ratio_vs_best	1.000086	12	1.0000	0	0		
rank	stack-frame	(set)	short-subject-search	plain	same program	pcrec_1989c62_auto-caps-simdna_noedge	measured	pinned	1	median_ns	31827.529626	112	1.0000	0	0		
rank	stack-frame	(set)	short-subject-search	plain	same program	pcrec_1989c62_auto-caps-simdna_noedge	measured	pinned	1	min_ns	31780.166004	112	1.0000	0	0		
rank	stack-frame	(set)	short-subject-search	plain	same program	pcrec_1989c62_auto-caps-simdna_noedge	measured	pinned	1	max_ns	31891.305282	112	1.0000	0	0		
rank	stack-frame	(set)	short-subject-search	plain	same program	pcrec_1989c62_auto-caps-simdna_noedge	measured	pinned	1	stddev_ns	37.016189	112	1.0000	0	0		
rank	stack-frame	(set)	short-subject-search	plain	same program	pcrec_1989c62_auto-caps-simdna_noedge	measured	pinned	1	ratio_vs_baseline	1.000000	112	1.0000	0	0		
rank	stack-frame	(set)	short-subject-search	plain	same program	pcrec_1989c62_auto-caps-simdna_noedge	measured	pinned	1	ratio_vs_best	1.000000	112	1.0000	0	0		
rank	stack-frame	(set)	short-subject-search	plain	same program	pcrec_1989c62_auto-caps-simdna	measured	pinned	2	median_ns	31860.569826	112	1.0000	0	0		
rank	stack-frame	(set)	short-subject-search	plain	same program	pcrec_1989c62_auto-caps-simdna	measured	pinned	2	min_ns	31774.673564	112	1.0000	0	0		
rank	stack-frame	(set)	short-subject-search	plain	same program	pcrec_1989c62_auto-caps-simdna	measured	pinned	2	max_ns	32289.163164	112	1.0000	0	0		
rank	stack-frame	(set)	short-subject-search	plain	same program	pcrec_1989c62_auto-caps-simdna	measured	pinned	2	stddev_ns	189.503309	112	1.0000	0	0		
rank	stack-frame	(set)	short-subject-search	plain	same program	pcrec_1989c62_auto-caps-simdna	measured	pinned	2	ratio_vs_baseline	1.001038	112	1.0000	0	0		
rank	stack-frame	(set)	short-subject-search	plain	same program	pcrec_1989c62_auto-caps-simdna	measured	pinned	2	ratio_vs_best	1.001038	112	1.0000	0	0		
rank	uuid	(set)	large-subject-throughput	plain	same program	pcrec_1989c62_auto-caps-simdna_noedge	measured	pinned	1	median_ns	1078500.755760	12	1.0000	0	0		
rank	uuid	(set)	large-subject-throughput	plain	same program	pcrec_1989c62_auto-caps-simdna_noedge	measured	pinned	1	min_ns	1078181.423963	12	1.0000	0	0		
rank	uuid	(set)	large-subject-throughput	plain	same program	pcrec_1989c62_auto-caps-simdna_noedge	measured	pinned	1	max_ns	1082035.180876	12	1.0000	0	0		
rank	uuid	(set)	large-subject-throughput	plain	same program	pcrec_1989c62_auto-caps-simdna_noedge	measured	pinned	1	stddev_ns	1428.300326	12	1.0000	0	0		
rank	uuid	(set)	large-subject-throughput	plain	same program	pcrec_1989c62_auto-caps-simdna_noedge	measured	pinned	1	ratio_vs_baseline	1.000000	12	1.0000	0	0		
rank	uuid	(set)	large-subject-throughput	plain	same program	pcrec_1989c62_auto-caps-simdna_noedge	measured	pinned	1	ratio_vs_best	1.000000	12	1.0000	0	0		
rank	uuid	(set)	large-subject-throughput	plain	same program	pcrec_1989c62_auto-caps-simdna	measured	pinned	2	median_ns	1082164.650071	12	1.0000	0	0		
rank	uuid	(set)	large-subject-throughput	plain	same program	pcrec_1989c62_auto-caps-simdna	measured	pinned	2	min_ns	1080324.027027	12	1.0000	0	0		
rank	uuid	(set)	large-subject-throughput	plain	same program	pcrec_1989c62_auto-caps-simdna	measured	pinned	2	max_ns	1084727.412518	12	1.0000	0	0		
rank	uuid	(set)	large-subject-throughput	plain	same program	pcrec_1989c62_auto-caps-simdna	measured	pinned	2	stddev_ns	1494.507437	12	1.0000	0	0		
rank	uuid	(set)	large-subject-throughput	plain	same program	pcrec_1989c62_auto-caps-simdna	measured	pinned	2	ratio_vs_baseline	1.003397	12	1.0000	0	0		
rank	uuid	(set)	large-subject-throughput	plain	same program	pcrec_1989c62_auto-caps-simdna	measured	pinned	2	ratio_vs_best	1.003397	12	1.0000	0	0		
rank	uuid	(set)	short-subject-search	plain	same program	pcrec_1989c62_auto-caps-simdna_noedge	measured	pinned	1	median_ns	21230.138138	112	1.0000	0	0		
rank	uuid	(set)	short-subject-search	plain	same program	pcrec_1989c62_auto-caps-simdna_noedge	measured	pinned	1	min_ns	21175.559953	112	1.0000	0	0		
rank	uuid	(set)	short-subject-search	plain	same program	pcrec_1989c62_auto-caps-simdna_noedge	measured	pinned	1	max_ns	21332.005282	112	1.0000	0	0		
rank	uuid	(set)	short-subject-search	plain	same program	pcrec_1989c62_auto-caps-simdna_noedge	measured	pinned	1	stddev_ns	54.999789	112	1.0000	0	0		
rank	uuid	(set)	short-subject-search	plain	same program	pcrec_1989c62_auto-caps-simdna_noedge	measured	pinned	1	ratio_vs_baseline	1.000000	112	1.0000	0	0		
rank	uuid	(set)	short-subject-search	plain	same program	pcrec_1989c62_auto-caps-simdna_noedge	measured	pinned	1	ratio_vs_best	1.000000	112	1.0000	0	0		
rank	uuid	(set)	short-subject-search	plain	same program	pcrec_1989c62_auto-caps-simdna	measured	pinned	2	median_ns	21316.007453	112	1.0000	0	0		
rank	uuid	(set)	short-subject-search	plain	same program	pcrec_1989c62_auto-caps-simdna	measured	pinned	2	min_ns	21296.287010	112	1.0000	0	0		
rank	uuid	(set)	short-subject-search	plain	same program	pcrec_1989c62_auto-caps-simdna	measured	pinned	2	max_ns	21340.143771	112	1.0000	0	0		
rank	uuid	(set)	short-subject-search	plain	same program	pcrec_1989c62_auto-caps-simdna	measured	pinned	2	stddev_ns	16.600240	112	1.0000	0	0		
rank	uuid	(set)	short-subject-search	plain	same program	pcrec_1989c62_auto-caps-simdna	measured	pinned	2	ratio_vs_baseline	1.004045	112	1.0000	0	0		
rank	uuid	(set)	short-subject-search	plain	same program	pcrec_1989c62_auto-caps-simdna	measured	pinned	2	ratio_vs_best	1.004045	112	1.0000	0	0		
compile	bignum			plain	same program	pcrec_1989c62_auto-caps-simdna				median_total_ns	145616296.000000	5					
compile	bignum			plain	same program	pcrec_1989c62_auto-caps-simdna				jitter	0.023						
compile	bignum			plain	same program	pcrec_1989c62_auto-caps-simdna				artifact_bytes	27248						
compile	bignum			plain	same program	pcrec_1989c62_auto-caps-simdna				emit_bytes	23899						
compile	bignum			plain	same program	pcrec_1989c62_auto-caps-simdna				emit_code_bytes	14648						
compile_stamp						pcrec_1989c62_auto-caps-simdna				engine	dfa						
compile_stamp						pcrec_1989c62_auto-caps-simdna				entry	plain entry						
compile_stamp						pcrec_1989c62_auto-caps-simdna				prefilter	-						
compile_stamp						pcrec_1989c62_auto-caps-simdna				vm_rungs	-						
compile_stamp						pcrec_1989c62_auto-caps-simdna				buffers	0 (DFA)						
compile_stamp						pcrec_1989c62_auto-caps-simdna				frame	0 (DFA)						
compile_stamp						pcrec_1989c62_auto-caps-simdna				dfa_prefilter_offsets	none						
compile_stamp						pcrec_1989c62_auto-caps-simdna				dfa_match	unwrapped						
compile_stamp						pcrec_1989c62_auto-caps-simdna				dfa_scan_edge	none						
compile_stamp						pcrec_1989c62_auto-caps-simdna				scan_edges	0						
compile_stamp						pcrec_1989c62_auto-caps-simdna				scan_edges_match	0						
compile_stamp						pcrec_1989c62_auto-caps-simdna				engine_sel	selected						
compile	bignum			whole-subject	separate artifact	pcrec_1989c62_auto-caps-simdna				median_total_ns	157336597.000000	5					
compile	bignum			whole-subject	separate artifact	pcrec_1989c62_auto-caps-simdna				jitter	0.012						
compile	bignum			whole-subject	separate artifact	pcrec_1989c62_auto-caps-simdna				artifact_bytes	27392						
compile	bignum			whole-subject	separate artifact	pcrec_1989c62_auto-caps-simdna				emit_bytes	27446						
compile	bignum			whole-subject	separate artifact	pcrec_1989c62_auto-caps-simdna				emit_code_bytes	16619						
compile	floor			plain	same program	pcrec_1989c62_auto-caps-simdna				median_total_ns	140988741.000000	5					
compile	floor			plain	same program	pcrec_1989c62_auto-caps-simdna				jitter	0.017						
compile	floor			plain	same program	pcrec_1989c62_auto-caps-simdna				artifact_bytes	22832						
compile	floor			plain	same program	pcrec_1989c62_auto-caps-simdna				emit_bytes	17965						
compile	floor			plain	same program	pcrec_1989c62_auto-caps-simdna				emit_code_bytes	12968						
compile	floor			whole-subject	separate artifact	pcrec_1989c62_auto-caps-simdna				median_total_ns	143470904.000000	5					
compile	floor			whole-subject	separate artifact	pcrec_1989c62_auto-caps-simdna				jitter	0.047						
compile	floor			whole-subject	separate artifact	pcrec_1989c62_auto-caps-simdna				artifact_bytes	22968						
compile	floor			whole-subject	separate artifact	pcrec_1989c62_auto-caps-simdna				emit_bytes	20308						
compile	floor			whole-subject	separate artifact	pcrec_1989c62_auto-caps-simdna				emit_code_bytes	14985						
compile	hex32-id			plain	same program	pcrec_1989c62_auto-caps-simdna				median_total_ns	147596981.000000	5					
compile	hex32-id			plain	same program	pcrec_1989c62_auto-caps-simdna				jitter	0.011						
compile	hex32-id			plain	same program	pcrec_1989c62_auto-caps-simdna				artifact_bytes	27248						
compile	hex32-id			plain	same program	pcrec_1989c62_auto-caps-simdna				emit_bytes	25388						
compile	hex32-id			plain	same program	pcrec_1989c62_auto-caps-simdna				emit_code_bytes	14648						
compile	hex32-id			whole-subject	separate artifact	pcrec_1989c62_auto-caps-simdna				median_total_ns	156318582.000000	5					
compile	hex32-id			whole-subject	separate artifact	pcrec_1989c62_auto-caps-simdna				jitter	0.059						
compile	hex32-id			whole-subject	separate artifact	pcrec_1989c62_auto-caps-simdna				artifact_bytes	27392						
compile	hex32-id			whole-subject	separate artifact	pcrec_1989c62_auto-caps-simdna				emit_bytes	28467						
compile	hex32-id			whole-subject	separate artifact	pcrec_1989c62_auto-caps-simdna				emit_code_bytes	16619						
compile	http-5xx			plain	same program	pcrec_1989c62_auto-caps-simdna				median_total_ns	164612141.000000	5					
compile	http-5xx			plain	same program	pcrec_1989c62_auto-caps-simdna				jitter	0.021						
compile	http-5xx			plain	same program	pcrec_1989c62_auto-caps-simdna				artifact_bytes	35424						
compile	http-5xx			plain	same program	pcrec_1989c62_auto-caps-simdna				emit_bytes	51675						
compile	http-5xx			plain	same program	pcrec_1989c62_auto-caps-simdna				emit_code_bytes	15556						
compile	http-5xx			whole-subject	separate artifact	pcrec_1989c62_auto-caps-simdna				median_total_ns	180088014.000000	5					
compile	http-5xx			whole-subject	separate artifact	pcrec_1989c62_auto-caps-simdna				jitter	0.024						
compile	http-5xx			whole-subject	separate artifact	pcrec_1989c62_auto-caps-simdna				artifact_bytes	35568						
compile	http-5xx			whole-subject	separate artifact	pcrec_1989c62_auto-caps-simdna				emit_bytes	55449						
compile	http-5xx			whole-subject	separate artifact	pcrec_1989c62_auto-caps-simdna				emit_code_bytes	17521						
compile	ipv4			plain	same program	pcrec_1989c62_auto-caps-simdna				median_total_ns	143767457.000000	5					
compile	ipv4			plain	same program	pcrec_1989c62_auto-caps-simdna				jitter	0.033						
compile	ipv4			plain	same program	pcrec_1989c62_auto-caps-simdna				artifact_bytes	26920						
compile	ipv4			plain	same program	pcrec_1989c62_auto-caps-simdna				emit_bytes	24618						
compile	ipv4			plain	same program	pcrec_1989c62_auto-caps-simdna				emit_code_bytes	13000						
compile	ipv4			whole-subject	separate artifact	pcrec_1989c62_auto-caps-simdna				median_total_ns	148926677.000000	5					
compile	ipv4			whole-subject	separate artifact	pcrec_1989c62_auto-caps-simdna				jitter	0.027						
compile	ipv4			whole-subject	separate artifact	pcrec_1989c62_auto-caps-simdna				artifact_bytes	27064						
compile	ipv4			whole-subject	separate artifact	pcrec_1989c62_auto-caps-simdna				emit_bytes	28440						
compile	ipv4			whole-subject	separate artifact	pcrec_1989c62_auto-caps-simdna				emit_code_bytes	14912						
compile	ipv6			plain	same program	pcrec_1989c62_auto-caps-simdna				median_total_ns	145483047.000000	5					
compile	ipv6			plain	same program	pcrec_1989c62_auto-caps-simdna				jitter	0.050						
compile	ipv6			plain	same program	pcrec_1989c62_auto-caps-simdna				artifact_bytes	26968						
compile	ipv6			plain	same program	pcrec_1989c62_auto-caps-simdna				emit_bytes	25222						
compile	ipv6			plain	same program	pcrec_1989c62_auto-caps-simdna				emit_code_bytes	13679						
compile	ipv6			whole-subject	separate artifact	pcrec_1989c62_auto-caps-simdna				median_total_ns	161191841.000000	5					
compile	ipv6			whole-subject	separate artifact	pcrec_1989c62_auto-caps-simdna				jitter	0.016						
compile	ipv6			whole-subject	separate artifact	pcrec_1989c62_auto-caps-simdna				artifact_bytes	27104						
compile	ipv6			whole-subject	separate artifact	pcrec_1989c62_auto-caps-simdna				emit_bytes	30717						
compile	ipv6			whole-subject	separate artifact	pcrec_1989c62_auto-caps-simdna				emit_code_bytes	15591						
compile	iso-ts			plain	same program	pcrec_1989c62_auto-caps-simdna				median_total_ns	203012269.000000	5					
compile	iso-ts			plain	same program	pcrec_1989c62_auto-caps-simdna				jitter	0.003						
compile	iso-ts			plain	same program	pcrec_1989c62_auto-caps-simdna				artifact_bytes	26960						
compile	iso-ts			plain	same program	pcrec_1989c62_auto-caps-simdna				emit_bytes	32607						
compile	iso-ts			plain	same program	pcrec_1989c62_auto-caps-simdna				emit_code_bytes	19564						
compile	iso-ts			whole-subject	separate artifact	pcrec_1989c62_auto-caps-simdna				median_total_ns	220287342.000000	5					
compile	iso-ts			whole-subject	separate artifact	pcrec_1989c62_auto-caps-simdna				jitter	0.011						
compile	iso-ts			whole-subject	separate artifact	pcrec_1989c62_auto-caps-simdna				artifact_bytes	31200						
compile	iso-ts			whole-subject	separate artifact	pcrec_1989c62_auto-caps-simdna				emit_bytes	38334						
compile	iso-ts			whole-subject	separate artifact	pcrec_1989c62_auto-caps-simdna				emit_code_bytes	21656						
compile	kv-quoted			plain	same program	pcrec_1989c62_auto-caps-simdna				median_total_ns	155170354.000000	5					
compile	kv-quoted			plain	same program	pcrec_1989c62_auto-caps-simdna				jitter	0.013						
compile	kv-quoted			plain	same program	pcrec_1989c62_auto-caps-simdna				artifact_bytes	31312						
compile	kv-quoted			plain	same program	pcrec_1989c62_auto-caps-simdna				emit_bytes	38380						
compile	kv-quoted			plain	same program	pcrec_1989c62_auto-caps-simdna				emit_code_bytes	14277						
compile	kv-quoted			whole-subject	separate artifact	pcrec_1989c62_auto-caps-simdna				median_total_ns	168370064.000000	5					
compile	kv-quoted			whole-subject	separate artifact	pcrec_1989c62_auto-caps-simdna				jitter	0.034						
compile	kv-quoted			whole-subject	separate artifact	pcrec_1989c62_auto-caps-simdna				artifact_bytes	31408						
compile	kv-quoted			whole-subject	separate artifact	pcrec_1989c62_auto-caps-simdna				emit_bytes	42884						
compile	kv-quoted			whole-subject	separate artifact	pcrec_1989c62_auto-caps-simdna				emit_code_bytes	16072						
compile	level-context			plain	same program	pcrec_1989c62_auto-caps-simdna				median_total_ns	776517316.000000	5					
compile	level-context			plain	same program	pcrec_1989c62_auto-caps-simdna				jitter	0.112						
compile	level-context			plain	same program	pcrec_1989c62_auto-caps-simdna				artifact_bytes	39568						
compile	level-context			plain	same program	pcrec_1989c62_auto-caps-simdna				emit_bytes	76046						
compile	level-context			plain	same program	pcrec_1989c62_auto-caps-simdna				emit_code_bytes	34217						
compile	level-context			whole-subject	separate artifact	pcrec_1989c62_auto-caps-simdna				median_total_ns	991474907.000000	5					
compile	level-context			whole-subject	separate artifact	pcrec_1989c62_auto-caps-simdna				jitter	0.009						
compile	level-context			whole-subject	separate artifact	pcrec_1989c62_auto-caps-simdna				artifact_bytes	39656						
compile	level-context			whole-subject	separate artifact	pcrec_1989c62_auto-caps-simdna				emit_bytes	79069						
compile	level-context			whole-subject	separate artifact	pcrec_1989c62_auto-caps-simdna				emit_code_bytes	35638						
compile	stack-frame			plain	same program	pcrec_1989c62_auto-caps-simdna				median_total_ns	161595193.000000	5					
compile	stack-frame			plain	same program	pcrec_1989c62_auto-caps-simdna				jitter	0.016						
compile	stack-frame			plain	same program	pcrec_1989c62_auto-caps-simdna				artifact_bytes	39376						
compile	stack-frame			plain	same program	pcrec_1989c62_auto-caps-simdna				emit_bytes	64617						
compile	stack-frame			plain	same program	pcrec_1989c62_auto-caps-simdna				emit_code_bytes	14657						
compile	stack-frame			whole-subject	separate artifact	pcrec_1989c62_auto-caps-simdna				median_total_ns	177218165.000000	5					
compile	stack-frame			whole-subject	separate artifact	pcrec_1989c62_auto-caps-simdna				jitter	0.044						
compile	stack-frame			whole-subject	separate artifact	pcrec_1989c62_auto-caps-simdna				artifact_bytes	39512						
compile	stack-frame			whole-subject	separate artifact	pcrec_1989c62_auto-caps-simdna				emit_bytes	68911						
compile	stack-frame			whole-subject	separate artifact	pcrec_1989c62_auto-caps-simdna				emit_code_bytes	16622						
compile	uuid			plain	same program	pcrec_1989c62_auto-caps-simdna				median_total_ns	157605219.000000	5					
compile	uuid			plain	same program	pcrec_1989c62_auto-caps-simdna				jitter	0.029						
compile	uuid			plain	same program	pcrec_1989c62_auto-caps-simdna				artifact_bytes	27288						
compile	uuid			plain	same program	pcrec_1989c62_auto-caps-simdna				emit_bytes	31254						
compile	uuid			plain	same program	pcrec_1989c62_auto-caps-simdna				emit_code_bytes	15639						
compile	uuid			whole-subject	separate artifact	pcrec_1989c62_auto-caps-simdna				median_total_ns	168712295.000000	5					
compile	uuid			whole-subject	separate artifact	pcrec_1989c62_auto-caps-simdna				jitter	0.041						
compile	uuid			whole-subject	separate artifact	pcrec_1989c62_auto-caps-simdna				artifact_bytes	27432						
compile	uuid			whole-subject	separate artifact	pcrec_1989c62_auto-caps-simdna				emit_bytes	34527						
compile	uuid			whole-subject	separate artifact	pcrec_1989c62_auto-caps-simdna				emit_code_bytes	17610						
compile	bignum			plain	same program	pcrec_1989c62_auto-caps-simdna_noedge				median_total_ns	148009633.000000	5					
compile	bignum			plain	same program	pcrec_1989c62_auto-caps-simdna_noedge				jitter	0.020						
compile	bignum			plain	same program	pcrec_1989c62_auto-caps-simdna_noedge				artifact_bytes	27248						
compile	bignum			plain	same program	pcrec_1989c62_auto-caps-simdna_noedge				emit_bytes	23905						
compile	bignum			plain	same program	pcrec_1989c62_auto-caps-simdna_noedge				emit_code_bytes	14654						
compile_stamp						pcrec_1989c62_auto-caps-simdna_noedge				engine	dfa						
compile_stamp						pcrec_1989c62_auto-caps-simdna_noedge				entry	plain entry						
compile_stamp						pcrec_1989c62_auto-caps-simdna_noedge				prefilter	-						
compile_stamp						pcrec_1989c62_auto-caps-simdna_noedge				vm_rungs	-						
compile_stamp						pcrec_1989c62_auto-caps-simdna_noedge				buffers	0 (DFA)						
compile_stamp						pcrec_1989c62_auto-caps-simdna_noedge				frame	0 (DFA)						
compile_stamp						pcrec_1989c62_auto-caps-simdna_noedge				dfa_prefilter_offsets	none						
compile_stamp						pcrec_1989c62_auto-caps-simdna_noedge				dfa_match	unwrapped						
compile_stamp						pcrec_1989c62_auto-caps-simdna_noedge				dfa_scan_edge	none						
compile_stamp						pcrec_1989c62_auto-caps-simdna_noedge				scan_edges	0						
compile_stamp						pcrec_1989c62_auto-caps-simdna_noedge				scan_edges_match	0						
compile_stamp						pcrec_1989c62_auto-caps-simdna_noedge				engine_sel	selected						
compile	bignum			whole-subject	separate artifact	pcrec_1989c62_auto-caps-simdna_noedge				median_total_ns	149605902.000000	5					
compile	bignum			whole-subject	separate artifact	pcrec_1989c62_auto-caps-simdna_noedge				jitter	0.028						
compile	bignum			whole-subject	separate artifact	pcrec_1989c62_auto-caps-simdna_noedge				artifact_bytes	27392						
compile	bignum			whole-subject	separate artifact	pcrec_1989c62_auto-caps-simdna_noedge				emit_bytes	27452						
compile	bignum			whole-subject	separate artifact	pcrec_1989c62_auto-caps-simdna_noedge				emit_code_bytes	16625						
compile	floor			plain	same program	pcrec_1989c62_auto-caps-simdna_noedge				median_total_ns	135639268.000000	5					
compile	floor			plain	same program	pcrec_1989c62_auto-caps-simdna_noedge				jitter	0.068						
compile	floor			plain	same program	pcrec_1989c62_auto-caps-simdna_noedge				artifact_bytes	22832						
compile	floor			plain	same program	pcrec_1989c62_auto-caps-simdna_noedge				emit_bytes	17971						
compile	floor			plain	same program	pcrec_1989c62_auto-caps-simdna_noedge				emit_code_bytes	12974						
compile	floor			whole-subject	separate artifact	pcrec_1989c62_auto-caps-simdna_noedge				median_total_ns	150518717.000000	5					
compile	floor			whole-subject	separate artifact	pcrec_1989c62_auto-caps-simdna_noedge				jitter	0.034						
compile	floor			whole-subject	separate artifact	pcrec_1989c62_auto-caps-simdna_noedge				artifact_bytes	22968						
compile	floor			whole-subject	separate artifact	pcrec_1989c62_auto-caps-simdna_noedge				emit_bytes	20314						
compile	floor			whole-subject	separate artifact	pcrec_1989c62_auto-caps-simdna_noedge				emit_code_bytes	14991						
compile	hex32-id			plain	same program	pcrec_1989c62_auto-caps-simdna_noedge				median_total_ns	151732034.000000	5					
compile	hex32-id			plain	same program	pcrec_1989c62_auto-caps-simdna_noedge				jitter	0.013						
compile	hex32-id			plain	same program	pcrec_1989c62_auto-caps-simdna_noedge				artifact_bytes	27248						
compile	hex32-id			plain	same program	pcrec_1989c62_auto-caps-simdna_noedge				emit_bytes	25394						
compile	hex32-id			plain	same program	pcrec_1989c62_auto-caps-simdna_noedge				emit_code_bytes	14654						
compile	hex32-id			whole-subject	separate artifact	pcrec_1989c62_auto-caps-simdna_noedge				median_total_ns	156922866.000000	5					
compile	hex32-id			whole-subject	separate artifact	pcrec_1989c62_auto-caps-simdna_noedge				jitter	0.024						
compile	hex32-id			whole-subject	separate artifact	pcrec_1989c62_auto-caps-simdna_noedge				artifact_bytes	27392						
compile	hex32-id			whole-subject	separate artifact	pcrec_1989c62_auto-caps-simdna_noedge				emit_bytes	28473						
compile	hex32-id			whole-subject	separate artifact	pcrec_1989c62_auto-caps-simdna_noedge				emit_code_bytes	16625						
compile	http-5xx			plain	same program	pcrec_1989c62_auto-caps-simdna_noedge				median_total_ns	162528610.000000	5					
compile	http-5xx			plain	same program	pcrec_1989c62_auto-caps-simdna_noedge				jitter	0.029						
compile	http-5xx			plain	same program	pcrec_1989c62_auto-caps-simdna_noedge				artifact_bytes	35424						
compile	http-5xx			plain	same program	pcrec_1989c62_auto-caps-simdna_noedge				emit_bytes	51286						
compile	http-5xx			plain	same program	pcrec_1989c62_auto-caps-simdna_noedge				emit_code_bytes	14613						
compile	http-5xx			whole-subject	separate artifact	pcrec_1989c62_auto-caps-simdna_noedge				median_total_ns	164568212.000000	5					
compile	http-5xx			whole-subject	separate artifact	pcrec_1989c62_auto-caps-simdna_noedge				jitter	0.020						
compile	http-5xx			whole-subject	separate artifact	pcrec_1989c62_auto-caps-simdna_noedge				artifact_bytes	35568						
compile	http-5xx			whole-subject	separate artifact	pcrec_1989c62_auto-caps-simdna_noedge				emit_bytes	55082						
compile	http-5xx			whole-subject	separate artifact	pcrec_1989c62_auto-caps-simdna_noedge				emit_code_bytes	16578						
compile	ipv4			plain	same program	pcrec_1989c62_auto-caps-simdna_noedge				median_total_ns	144269691.000000	5					
compile	ipv4			plain	same program	pcrec_1989c62_auto-caps-simdna_noedge				jitter	0.059						
compile	ipv4			plain	same program	pcrec_1989c62_auto-caps-simdna_noedge				artifact_bytes	26920						
compile	ipv4			plain	same program	pcrec_1989c62_auto-caps-simdna_noedge				emit_bytes	24624						
compile	ipv4			plain	same program	pcrec_1989c62_auto-caps-simdna_noedge				emit_code_bytes	13006						
compile	ipv4			whole-subject	separate artifact	pcrec_1989c62_auto-caps-simdna_noedge				median_total_ns	145165295.000000	5					
compile	ipv4			whole-subject	separate artifact	pcrec_1989c62_auto-caps-simdna_noedge				jitter	0.036						
compile	ipv4			whole-subject	separate artifact	pcrec_1989c62_auto-caps-simdna_noedge				artifact_bytes	27064						
compile	ipv4			whole-subject	separate artifact	pcrec_1989c62_auto-caps-simdna_noedge				emit_bytes	28446						
compile	ipv4			whole-subject	separate artifact	pcrec_1989c62_auto-caps-simdna_noedge				emit_code_bytes	14918						
compile	ipv6			plain	same program	pcrec_1989c62_auto-caps-simdna_noedge				median_total_ns	143621247.000000	5					
compile	ipv6			plain	same program	pcrec_1989c62_auto-caps-simdna_noedge				jitter	0.040						
compile	ipv6			plain	same program	pcrec_1989c62_auto-caps-simdna_noedge				artifact_bytes	26920						
compile	ipv6			plain	same program	pcrec_1989c62_auto-caps-simdna_noedge				emit_bytes	23101						
compile	ipv6			plain	same program	pcrec_1989c62_auto-caps-simdna_noedge				emit_code_bytes	12977						
compile	ipv6			whole-subject	separate artifact	pcrec_1989c62_auto-caps-simdna_noedge				median_total_ns	151039150.000000	5					
compile	ipv6			whole-subject	separate artifact	pcrec_1989c62_auto-caps-simdna_noedge				jitter	0.011						
compile	ipv6			whole-subject	separate artifact	pcrec_1989c62_auto-caps-simdna_noedge				artifact_bytes	27064						
compile	ipv6			whole-subject	separate artifact	pcrec_1989c62_auto-caps-simdna_noedge				emit_bytes	28610						
compile	ipv6			whole-subject	separate artifact	pcrec_1989c62_auto-caps-simdna_noedge				emit_code_bytes	14889						
compile	iso-ts			plain	same program	pcrec_1989c62_auto-caps-simdna_noedge				median_total_ns	144418771.000000	5					
compile	iso-ts			plain	same program	pcrec_1989c62_auto-caps-simdna_noedge				jitter	0.061						
compile	iso-ts			plain	same program	pcrec_1989c62_auto-caps-simdna_noedge				artifact_bytes	26960						
compile	iso-ts			plain	same program	pcrec_1989c62_auto-caps-simdna_noedge				emit_bytes	27788						
compile	iso-ts			plain	same program	pcrec_1989c62_auto-caps-simdna_noedge				emit_code_bytes	13445						
compile	iso-ts			whole-subject	separate artifact	pcrec_1989c62_auto-caps-simdna_noedge				median_total_ns	153918799.000000	5					
compile	iso-ts			whole-subject	separate artifact	pcrec_1989c62_auto-caps-simdna_noedge				jitter	0.024						
compile	iso-ts			whole-subject	separate artifact	pcrec_1989c62_auto-caps-simdna_noedge				artifact_bytes	27104						
compile	iso-ts			whole-subject	separate artifact	pcrec_1989c62_auto-caps-simdna_noedge				emit_bytes	33562						
compile	iso-ts			whole-subject	separate artifact	pcrec_1989c62_auto-caps-simdna_noedge				emit_code_bytes	15534						
compile	kv-quoted			plain	same program	pcrec_1989c62_auto-caps-simdna_noedge				median_total_ns	150519178.000000	5					
compile	kv-quoted			plain	same program	pcrec_1989c62_auto-caps-simdna_noedge				jitter	0.016						
compile	kv-quoted			plain	same program	pcrec_1989c62_auto-caps-simdna_noedge				artifact_bytes	31312						
compile	kv-quoted			plain	same program	pcrec_1989c62_auto-caps-simdna_noedge				emit_bytes	38386						
compile	kv-quoted			plain	same program	pcrec_1989c62_auto-caps-simdna_noedge				emit_code_bytes	14283						
compile	kv-quoted			whole-subject	separate artifact	pcrec_1989c62_auto-caps-simdna_noedge				median_total_ns	162800383.000000	5					
compile	kv-quoted			whole-subject	separate artifact	pcrec_1989c62_auto-caps-simdna_noedge				jitter	0.030						
compile	kv-quoted			whole-subject	separate artifact	pcrec_1989c62_auto-caps-simdna_noedge				artifact_bytes	31408						
compile	kv-quoted			whole-subject	separate artifact	pcrec_1989c62_auto-caps-simdna_noedge				emit_bytes	42890						
compile	kv-quoted			whole-subject	separate artifact	pcrec_1989c62_auto-caps-simdna_noedge				emit_code_bytes	16078						
compile	level-context			plain	same program	pcrec_1989c62_auto-caps-simdna_noedge				median_total_ns	771465974.000000	5					
compile	level-context			plain	same program	pcrec_1989c62_auto-caps-simdna_noedge				jitter	0.013						
compile	level-context			plain	same program	pcrec_1989c62_auto-caps-simdna_noedge				artifact_bytes	39568						
compile	level-context			plain	same program	pcrec_1989c62_auto-caps-simdna_noedge				emit_bytes	76052						
compile	level-context			plain	same program	pcrec_1989c62_auto-caps-simdna_noedge				emit_code_bytes	34223						
compile	level-context			whole-subject	separate artifact	pcrec_1989c62_auto-caps-simdna_noedge				median_total_ns	989959151.000000	5					
compile	level-context			whole-subject	separate artifact	pcrec_1989c62_auto-caps-simdna_noedge				jitter	0.003						
compile	level-context			whole-subject	separate artifact	pcrec_1989c62_auto-caps-simdna_noedge				artifact_bytes	39656						
compile	level-context			whole-subject	separate artifact	pcrec_1989c62_auto-caps-simdna_noedge				emit_bytes	79075						
compile	level-context			whole-subject	separate artifact	pcrec_1989c62_auto-caps-simdna_noedge				emit_code_bytes	35644						
compile	stack-frame			plain	same program	pcrec_1989c62_auto-caps-simdna_noedge				median_total_ns	164924654.000000	5					
compile	stack-frame			plain	same program	pcrec_1989c62_auto-caps-simdna_noedge				jitter	0.046						
compile	stack-frame			plain	same program	pcrec_1989c62_auto-caps-simdna_noedge				artifact_bytes	39376						
compile	stack-frame			plain	same program	pcrec_1989c62_auto-caps-simdna_noedge				emit_bytes	64623						
compile	stack-frame			plain	same program	pcrec_1989c62_auto-caps-simdna_noedge				emit_code_bytes	14663						
compile	stack-frame			whole-subject	separate artifact	pcrec_1989c62_auto-caps-simdna_noedge				median_total_ns	175890751.000000	5					
compile	stack-frame			whole-subject	separate artifact	pcrec_1989c62_auto-caps-simdna_noedge				jitter	0.038						
compile	stack-frame			whole-subject	separate artifact	pcrec_1989c62_auto-caps-simdna_noedge				artifact_bytes	39512						
compile	stack-frame			whole-subject	separate artifact	pcrec_1989c62_auto-caps-simdna_noedge				emit_bytes	68917						
compile	stack-frame			whole-subject	separate artifact	pcrec_1989c62_auto-caps-simdna_noedge				emit_code_bytes	16628						
compile	uuid			plain	same program	pcrec_1989c62_auto-caps-simdna_noedge				median_total_ns	157763122.000000	5					
compile	uuid			plain	same program	pcrec_1989c62_auto-caps-simdna_noedge				jitter	0.017						
compile	uuid			plain	same program	pcrec_1989c62_auto-caps-simdna_noedge				artifact_bytes	27288						
compile	uuid			plain	same program	pcrec_1989c62_auto-caps-simdna_noedge				emit_bytes	31260						
compile	uuid			plain	same program	pcrec_1989c62_auto-caps-simdna_noedge				emit_code_bytes	15645						
compile	uuid			whole-subject	separate artifact	pcrec_1989c62_auto-caps-simdna_noedge				median_total_ns	166532964.000000	5					
compile	uuid			whole-subject	separate artifact	pcrec_1989c62_auto-caps-simdna_noedge				jitter	0.033						
compile	uuid			whole-subject	separate artifact	pcrec_1989c62_auto-caps-simdna_noedge				artifact_bytes	27432						
compile	uuid			whole-subject	separate artifact	pcrec_1989c62_auto-caps-simdna_noedge				emit_bytes	34533						
compile	uuid			whole-subject	separate artifact	pcrec_1989c62_auto-caps-simdna_noedge				emit_code_bytes	17616						
