# reporter: v2 (2026-08-25); filters: subbench=email-specimen; source: store/index.tsv (11 candidate file(s)); records: 9; excluded_invalid: 0; superseded: 2; subbench_versions: email-specimen@0.1; machines: budu-ryzen1600; schema_versions: 1.1; grain: set; single_subject_regimes: ; include_unmeasured: False; include_scratch: False; all_records: False
section	pattern	subject_or_na	regime_or_na	form	fact	testee	status	tier	rank_or_na	metric	value	n	pass_rate	n_gave_up	n_wrong	gave_up_summary	delta_verdict
not_ranked	factored	(set)	large-subject-throughput	plain	same program	libpcre2_10.46_interp-caps-simdna	inconclusive-load	pinned		pass_rate	1.0000	3	1.0000	0	0	0	
excluded	factored	(set)	large-subject-throughput	plain	same program	libpcre2_10.46_jit-caps-simdna	measured	pinned		pass_rate	0.6667	3	0.6667	0	0	0	
not_ranked	factored	(set)	large-subject-throughput	plain	same program	pcrec_692c2e8_auto-caps-simdna	inconclusive-load	pinned		pass_rate	1.0000	3	1.0000	0	0	0	
not_ranked	factored	(set)	large-subject-throughput	plain	same program	pcrec_692c2e8_auto-nocaps-simdna	inconclusive-load	pinned		pass_rate	1.0000	3	1.0000	0	0	0	
excluded	factored	(set)	large-subject-throughput	plain	same program	pcrec_692c2e8_vm-caps-simdna	measured	pinned		pass_rate	0.6667	3	0.6667	5	0	PCREC_ERR_STEPS×1 (smallest: t-c-long-atom-run, 1,048,576 B)	
excluded	factored	(set)	large-subject-throughput	plain	same program	pcrec_692c2e8_vm-in-caps-simdna	measured	pinned		pass_rate	0.6667	3	0.6667	5	0	PCREC_ERR_STEPS×1 (smallest: t-c-long-atom-run, 1,048,576 B)	
excluded	factored	(set)	large-subject-throughput	plain	same program	pcrec_8da6120_auto-caps-simdna	measured	pinned		pass_rate	0.6667	3	0.6667	5	0	PCREC_ERR_STEPS×1 (smallest: t-c-long-atom-run, 1,048,576 B)	
excluded	factored	(set)	large-subject-throughput	plain	same program	pcrec_8da6120_auto-nocaps-simdna	measured	pinned		pass_rate	0.6667	3	0.6667	5	0	PCREC_ERR_STEPS×1 (smallest: t-c-long-atom-run, 1,048,576 B)	
excluded	factored	(set)	large-subject-throughput	plain	same program	pcrec_8da6120_vm-caps-simdna	measured	pinned		pass_rate	0.6667	3	0.6667	5	0	PCREC_ERR_STEPS×1 (smallest: t-c-long-atom-run, 1,048,576 B)	
rank	factored	(set)	match-compliance	whole-subject	separate artifact	pcrec_692c2e8_vm-in-caps-simdna	measured	pinned	1	median_ns	464407.789833	85	1.0000	0	0		
rank	factored	(set)	match-compliance	whole-subject	separate artifact	pcrec_692c2e8_vm-in-caps-simdna	measured	pinned	1	min_ns	462303.063628	85	1.0000	0	0		
rank	factored	(set)	match-compliance	whole-subject	separate artifact	pcrec_692c2e8_vm-in-caps-simdna	measured	pinned	1	max_ns	474574.601036	85	1.0000	0	0		
rank	factored	(set)	match-compliance	whole-subject	separate artifact	pcrec_692c2e8_vm-in-caps-simdna	measured	pinned	1	stddev_ns	4506.426780	85	1.0000	0	0		
rank	factored	(set)	match-compliance	whole-subject	separate artifact	pcrec_692c2e8_vm-in-caps-simdna	measured	pinned	1	ratio_vs_baseline	1.000000	85	1.0000	0	0		
rank	factored	(set)	match-compliance	whole-subject	separate artifact	pcrec_692c2e8_vm-in-caps-simdna	measured	pinned	1	ratio_vs_best	1.000000	85	1.0000	0	0		
rank	factored	(set)	match-compliance	plain	same program	libpcre2_10.46_jit-caps-simdna	measured	pinned	2	median_ns	1833523.587308	85	1.0000	0	0		
rank	factored	(set)	match-compliance	plain	same program	libpcre2_10.46_jit-caps-simdna	measured	pinned	2	min_ns	1825603.407466	85	1.0000	0	0		
rank	factored	(set)	match-compliance	plain	same program	libpcre2_10.46_jit-caps-simdna	measured	pinned	2	max_ns	1870065.711433	85	1.0000	0	0		
rank	factored	(set)	match-compliance	plain	same program	libpcre2_10.46_jit-caps-simdna	measured	pinned	2	stddev_ns	15610.222444	85	1.0000	0	0		
rank	factored	(set)	match-compliance	plain	same program	libpcre2_10.46_jit-caps-simdna	measured	pinned	2	ratio_vs_baseline	3.948090	85	1.0000	0	0		
rank	factored	(set)	match-compliance	plain	same program	libpcre2_10.46_jit-caps-simdna	measured	pinned	2	ratio_vs_best	3.948090	85	1.0000	0	0		
not_ranked	factored	(set)	match-compliance	plain	same program	libpcre2_10.46_interp-caps-simdna	inconclusive-load	pinned		pass_rate	1.0000	85	1.0000	0	0	0	
not_ranked	factored	(set)	match-compliance	whole-subject	separate artifact	pcrec_692c2e8_auto-caps-simdna	inconclusive-load	pinned		pass_rate	1.0000	85	1.0000	0	0	0	
not_ranked	factored	(set)	match-compliance	whole-subject	separate artifact	pcrec_692c2e8_auto-nocaps-simdna	inconclusive-load	pinned		pass_rate	1.0000	85	1.0000	0	0	0	
excluded	factored	(set)	match-compliance	whole-subject	separate artifact	pcrec_692c2e8_vm-caps-simdna	measured	pinned		pass_rate	0.9412	85	0.9412	25	0	PCREC_ERR_FRAMES×5 (smallest: s-061, 2,008 B)	
excluded	factored	(set)	match-compliance	whole-subject	separate artifact	pcrec_8da6120_auto-caps-simdna	measured	pinned		pass_rate	0.9412	85	0.9412	25	0	PCREC_ERR_FRAMES×5 (smallest: s-061, 2,008 B)	
excluded	factored	(set)	match-compliance	whole-subject	separate artifact	pcrec_8da6120_auto-nocaps-simdna	measured	pinned		pass_rate	0.9412	85	0.9412	25	0	PCREC_ERR_FRAMES×5 (smallest: s-061, 2,008 B)	
excluded	factored	(set)	match-compliance	whole-subject	separate artifact	pcrec_8da6120_vm-caps-simdna	measured	pinned		pass_rate	0.9412	85	0.9412	25	0	PCREC_ERR_FRAMES×5 (smallest: s-061, 2,008 B)	
rank	factored	(set)	short-subject-search	plain	same program	libpcre2_10.46_jit-caps-simdna	measured	pinned	1	median_ns	15364.232426	77	1.0000	0	0		
rank	factored	(set)	short-subject-search	plain	same program	libpcre2_10.46_jit-caps-simdna	measured	pinned	1	min_ns	15305.978749	77	1.0000	0	0		
rank	factored	(set)	short-subject-search	plain	same program	libpcre2_10.46_jit-caps-simdna	measured	pinned	1	max_ns	15389.171579	77	1.0000	0	0		
rank	factored	(set)	short-subject-search	plain	same program	libpcre2_10.46_jit-caps-simdna	measured	pinned	1	stddev_ns	27.799720	77	1.0000	0	0		
rank	factored	(set)	short-subject-search	plain	same program	libpcre2_10.46_jit-caps-simdna	measured	pinned	1	ratio_vs_baseline	1.000000	77	1.0000	0	0		
rank	factored	(set)	short-subject-search	plain	same program	libpcre2_10.46_jit-caps-simdna	measured	pinned	1	ratio_vs_best	1.000000	77	1.0000	0	0		
rank	factored	(set)	short-subject-search	plain	same program	pcrec_692c2e8_vm-in-caps-simdna	measured	pinned	2	median_ns	54117.612096	77	1.0000	0	0		
rank	factored	(set)	short-subject-search	plain	same program	pcrec_692c2e8_vm-in-caps-simdna	measured	pinned	2	min_ns	53402.904225	77	1.0000	0	0		
rank	factored	(set)	short-subject-search	plain	same program	pcrec_692c2e8_vm-in-caps-simdna	measured	pinned	2	max_ns	54412.691860	77	1.0000	0	0		
rank	factored	(set)	short-subject-search	plain	same program	pcrec_692c2e8_vm-in-caps-simdna	measured	pinned	2	stddev_ns	347.956403	77	1.0000	0	0		
rank	factored	(set)	short-subject-search	plain	same program	pcrec_692c2e8_vm-in-caps-simdna	measured	pinned	2	ratio_vs_baseline	3.522311	77	1.0000	0	0		
rank	factored	(set)	short-subject-search	plain	same program	pcrec_692c2e8_vm-in-caps-simdna	measured	pinned	2	ratio_vs_best	3.522311	77	1.0000	0	0		
rank	factored	(set)	short-subject-search	plain	same program	pcrec_692c2e8_vm-caps-simdna	measured	pinned	3	median_ns	69537.547361	77	1.0000	0	0		faster ×1.19
rank	factored	(set)	short-subject-search	plain	same program	pcrec_692c2e8_vm-caps-simdna	measured	pinned	3	min_ns	68685.301525	77	1.0000	0	0		faster ×1.19
rank	factored	(set)	short-subject-search	plain	same program	pcrec_692c2e8_vm-caps-simdna	measured	pinned	3	max_ns	69927.008086	77	1.0000	0	0		faster ×1.19
rank	factored	(set)	short-subject-search	plain	same program	pcrec_692c2e8_vm-caps-simdna	measured	pinned	3	stddev_ns	413.470425	77	1.0000	0	0		faster ×1.19
rank	factored	(set)	short-subject-search	plain	same program	pcrec_692c2e8_vm-caps-simdna	measured	pinned	3	ratio_vs_baseline	4.525937	77	1.0000	0	0		faster ×1.19
rank	factored	(set)	short-subject-search	plain	same program	pcrec_692c2e8_vm-caps-simdna	measured	pinned	3	ratio_vs_best	4.525937	77	1.0000	0	0		faster ×1.19
rank	factored	(set)	short-subject-search	plain	same program	pcrec_8da6120_vm-caps-simdna	measured	pinned	4	median_ns	82438.737920	77	1.0000	0	0		
rank	factored	(set)	short-subject-search	plain	same program	pcrec_8da6120_vm-caps-simdna	measured	pinned	4	min_ns	81501.864410	77	1.0000	0	0		
rank	factored	(set)	short-subject-search	plain	same program	pcrec_8da6120_vm-caps-simdna	measured	pinned	4	max_ns	82820.430772	77	1.0000	0	0		
rank	factored	(set)	short-subject-search	plain	same program	pcrec_8da6120_vm-caps-simdna	measured	pinned	4	stddev_ns	458.750912	77	1.0000	0	0		
rank	factored	(set)	short-subject-search	plain	same program	pcrec_8da6120_vm-caps-simdna	measured	pinned	4	ratio_vs_baseline	5.365627	77	1.0000	0	0		
rank	factored	(set)	short-subject-search	plain	same program	pcrec_8da6120_vm-caps-simdna	measured	pinned	4	ratio_vs_best	5.365627	77	1.0000	0	0		
rank	factored	(set)	short-subject-search	plain	same program	pcrec_8da6120_auto-nocaps-simdna	measured	pinned	5	median_ns	82542.824851	77	1.0000	0	0		
rank	factored	(set)	short-subject-search	plain	same program	pcrec_8da6120_auto-nocaps-simdna	measured	pinned	5	min_ns	81246.908643	77	1.0000	0	0		
rank	factored	(set)	short-subject-search	plain	same program	pcrec_8da6120_auto-nocaps-simdna	measured	pinned	5	max_ns	84860.655189	77	1.0000	0	0		
rank	factored	(set)	short-subject-search	plain	same program	pcrec_8da6120_auto-nocaps-simdna	measured	pinned	5	stddev_ns	1428.481872	77	1.0000	0	0		
rank	factored	(set)	short-subject-search	plain	same program	pcrec_8da6120_auto-nocaps-simdna	measured	pinned	5	ratio_vs_baseline	5.372401	77	1.0000	0	0		
rank	factored	(set)	short-subject-search	plain	same program	pcrec_8da6120_auto-nocaps-simdna	measured	pinned	5	ratio_vs_best	5.372401	77	1.0000	0	0		
rank	factored	(set)	short-subject-search	plain	same program	pcrec_8da6120_auto-caps-simdna	measured	pinned	6	median_ns	84075.765928	77	1.0000	0	0		
rank	factored	(set)	short-subject-search	plain	same program	pcrec_8da6120_auto-caps-simdna	measured	pinned	6	min_ns	81884.819707	77	1.0000	0	0		
rank	factored	(set)	short-subject-search	plain	same program	pcrec_8da6120_auto-caps-simdna	measured	pinned	6	max_ns	85755.119624	77	1.0000	0	0		
rank	factored	(set)	short-subject-search	plain	same program	pcrec_8da6120_auto-caps-simdna	measured	pinned	6	stddev_ns	1234.915415	77	1.0000	0	0		
rank	factored	(set)	short-subject-search	plain	same program	pcrec_8da6120_auto-caps-simdna	measured	pinned	6	ratio_vs_baseline	5.472175	77	1.0000	0	0		
rank	factored	(set)	short-subject-search	plain	same program	pcrec_8da6120_auto-caps-simdna	measured	pinned	6	ratio_vs_best	5.472175	77	1.0000	0	0		
not_ranked	factored	(set)	short-subject-search	plain	same program	libpcre2_10.46_interp-caps-simdna	inconclusive-load	pinned		pass_rate	1.0000	77	1.0000	0	0	0	
not_ranked	factored	(set)	short-subject-search	plain	same program	pcrec_692c2e8_auto-caps-simdna	inconclusive-load	pinned		pass_rate	1.0000	77	1.0000	0	0	0	
not_ranked	factored	(set)	short-subject-search	plain	same program	pcrec_692c2e8_auto-nocaps-simdna	inconclusive-load	pinned		pass_rate	1.0000	77	1.0000	0	0	0	
rank	orig	(set)	large-subject-throughput	plain	same program	libpcre2_10.46_jit-caps-simdna	measured	pinned	1	median_ns	9124618.500000	3	1.0000	0	0		
rank	orig	(set)	large-subject-throughput	plain	same program	libpcre2_10.46_jit-caps-simdna	measured	pinned	1	min_ns	9088777.666667	3	1.0000	0	0		
rank	orig	(set)	large-subject-throughput	plain	same program	libpcre2_10.46_jit-caps-simdna	measured	pinned	1	max_ns	9377921.333333	3	1.0000	0	0		
rank	orig	(set)	large-subject-throughput	plain	same program	libpcre2_10.46_jit-caps-simdna	measured	pinned	1	stddev_ns	108199.920811	3	1.0000	0	0		
rank	orig	(set)	large-subject-throughput	plain	same program	libpcre2_10.46_jit-caps-simdna	measured	pinned	1	ratio_vs_baseline	1.000000	3	1.0000	0	0		
rank	orig	(set)	large-subject-throughput	plain	same program	libpcre2_10.46_jit-caps-simdna	measured	pinned	1	ratio_vs_best	1.000000	3	1.0000	0	0		
rank	orig	(set)	large-subject-throughput	plain	same program	pcrec_8da6120_auto-caps-simdna	measured	pinned	2	median_ns	13397524.533333	3	1.0000	0	0		
rank	orig	(set)	large-subject-throughput	plain	same program	pcrec_8da6120_auto-caps-simdna	measured	pinned	2	min_ns	13376255.000000	3	1.0000	0	0		
rank	orig	(set)	large-subject-throughput	plain	same program	pcrec_8da6120_auto-caps-simdna	measured	pinned	2	max_ns	13464852.200000	3	1.0000	0	0		
rank	orig	(set)	large-subject-throughput	plain	same program	pcrec_8da6120_auto-caps-simdna	measured	pinned	2	stddev_ns	34677.180444	3	1.0000	0	0		
rank	orig	(set)	large-subject-throughput	plain	same program	pcrec_8da6120_auto-caps-simdna	measured	pinned	2	ratio_vs_baseline	1.468283	3	1.0000	0	0		
rank	orig	(set)	large-subject-throughput	plain	same program	pcrec_8da6120_auto-caps-simdna	measured	pinned	2	ratio_vs_best	1.468283	3	1.0000	0	0		
rank	orig	(set)	large-subject-throughput	plain	same program	pcrec_8da6120_auto-nocaps-simdna	measured	pinned	3	median_ns	13419710.866667	3	1.0000	0	0		
rank	orig	(set)	large-subject-throughput	plain	same program	pcrec_8da6120_auto-nocaps-simdna	measured	pinned	3	min_ns	13378803.866667	3	1.0000	0	0		
rank	orig	(set)	large-subject-throughput	plain	same program	pcrec_8da6120_auto-nocaps-simdna	measured	pinned	3	max_ns	13495708.000000	3	1.0000	0	0		
rank	orig	(set)	large-subject-throughput	plain	same program	pcrec_8da6120_auto-nocaps-simdna	measured	pinned	3	stddev_ns	42286.702727	3	1.0000	0	0		
rank	orig	(set)	large-subject-throughput	plain	same program	pcrec_8da6120_auto-nocaps-simdna	measured	pinned	3	ratio_vs_baseline	1.470715	3	1.0000	0	0		
rank	orig	(set)	large-subject-throughput	plain	same program	pcrec_8da6120_auto-nocaps-simdna	measured	pinned	3	ratio_vs_best	1.470715	3	1.0000	0	0		
not_ranked	orig	(set)	large-subject-throughput	plain	same program	libpcre2_10.46_interp-caps-simdna	inconclusive-load	pinned		pass_rate	1.0000	3	1.0000	0	0	0	
not_ranked	orig	(set)	large-subject-throughput	plain	same program	pcrec_692c2e8_auto-caps-simdna	inconclusive-load	pinned		pass_rate	1.0000	3	1.0000	0	0	0	
not_ranked	orig	(set)	large-subject-throughput	plain	same program	pcrec_692c2e8_auto-nocaps-simdna	inconclusive-load	pinned		pass_rate	1.0000	3	1.0000	0	0	0	
excluded	orig	(set)	large-subject-throughput	plain	same program	pcrec_692c2e8_vm-caps-simdna	measured	pinned		pass_rate	0.6667	3	0.6667	5	0	PCREC_ERR_WORK×1 (smallest: t-c-long-atom-run, 1,048,576 B)	
excluded	orig	(set)	large-subject-throughput	plain	same program	pcrec_692c2e8_vm-in-caps-simdna	measured	pinned		pass_rate	0.6667	3	0.6667	5	0	PCREC_ERR_WORK×1 (smallest: t-c-long-atom-run, 1,048,576 B)	
excluded	orig	(set)	large-subject-throughput	plain	same program	pcrec_8da6120_vm-caps-simdna	measured	pinned		pass_rate	0.6667	3	0.6667	5	0	PCREC_ERR_WORK×1 (smallest: t-c-long-atom-run, 1,048,576 B)	
rank	orig	(set)	match-compliance	whole-subject	separate artifact	pcrec_692c2e8_vm-in-caps-simdna	measured	pinned	1	median_ns	62732.301756	85	1.0000	0	0		
rank	orig	(set)	match-compliance	whole-subject	separate artifact	pcrec_692c2e8_vm-in-caps-simdna	measured	pinned	1	min_ns	62494.656666	85	1.0000	0	0		
rank	orig	(set)	match-compliance	whole-subject	separate artifact	pcrec_692c2e8_vm-in-caps-simdna	measured	pinned	1	max_ns	62927.865076	85	1.0000	0	0		
rank	orig	(set)	match-compliance	whole-subject	separate artifact	pcrec_692c2e8_vm-in-caps-simdna	measured	pinned	1	stddev_ns	152.339859	85	1.0000	0	0		
rank	orig	(set)	match-compliance	whole-subject	separate artifact	pcrec_692c2e8_vm-in-caps-simdna	measured	pinned	1	ratio_vs_baseline	1.000000	85	1.0000	0	0		
rank	orig	(set)	match-compliance	whole-subject	separate artifact	pcrec_692c2e8_vm-in-caps-simdna	measured	pinned	1	ratio_vs_best	1.000000	85	1.0000	0	0		
rank	orig	(set)	match-compliance	whole-subject	separate artifact	pcrec_692c2e8_vm-caps-simdna	measured	pinned	2	median_ns	80227.619276	85	1.0000	0	0		faster ×1.26
rank	orig	(set)	match-compliance	whole-subject	separate artifact	pcrec_692c2e8_vm-caps-simdna	measured	pinned	2	min_ns	80062.156795	85	1.0000	0	0		faster ×1.26
rank	orig	(set)	match-compliance	whole-subject	separate artifact	pcrec_692c2e8_vm-caps-simdna	measured	pinned	2	max_ns	80517.773720	85	1.0000	0	0		faster ×1.26
rank	orig	(set)	match-compliance	whole-subject	separate artifact	pcrec_692c2e8_vm-caps-simdna	measured	pinned	2	stddev_ns	159.414272	85	1.0000	0	0		faster ×1.26
rank	orig	(set)	match-compliance	whole-subject	separate artifact	pcrec_692c2e8_vm-caps-simdna	measured	pinned	2	ratio_vs_baseline	1.278888	85	1.0000	0	0		faster ×1.26
rank	orig	(set)	match-compliance	whole-subject	separate artifact	pcrec_692c2e8_vm-caps-simdna	measured	pinned	2	ratio_vs_best	1.278888	85	1.0000	0	0		faster ×1.26
rank	orig	(set)	match-compliance	whole-subject	separate artifact	pcrec_8da6120_vm-caps-simdna	measured	pinned	3	median_ns	100989.765583	85	1.0000	0	0		
rank	orig	(set)	match-compliance	whole-subject	separate artifact	pcrec_8da6120_vm-caps-simdna	measured	pinned	3	min_ns	99972.531802	85	1.0000	0	0		
rank	orig	(set)	match-compliance	whole-subject	separate artifact	pcrec_8da6120_vm-caps-simdna	measured	pinned	3	max_ns	101276.076740	85	1.0000	0	0		
rank	orig	(set)	match-compliance	whole-subject	separate artifact	pcrec_8da6120_vm-caps-simdna	measured	pinned	3	stddev_ns	455.678116	85	1.0000	0	0		
rank	orig	(set)	match-compliance	whole-subject	separate artifact	pcrec_8da6120_vm-caps-simdna	measured	pinned	3	ratio_vs_baseline	1.609853	85	1.0000	0	0		
rank	orig	(set)	match-compliance	whole-subject	separate artifact	pcrec_8da6120_vm-caps-simdna	measured	pinned	3	ratio_vs_best	1.609853	85	1.0000	0	0		
rank	orig	(set)	match-compliance	whole-subject	separate artifact	pcrec_8da6120_auto-nocaps-simdna	measured	pinned	4	median_ns	234774.026581	85	1.0000	0	0		
rank	orig	(set)	match-compliance	whole-subject	separate artifact	pcrec_8da6120_auto-nocaps-simdna	measured	pinned	4	min_ns	234543.103735	85	1.0000	0	0		
rank	orig	(set)	match-compliance	whole-subject	separate artifact	pcrec_8da6120_auto-nocaps-simdna	measured	pinned	4	max_ns	234978.262140	85	1.0000	0	0		
rank	orig	(set)	match-compliance	whole-subject	separate artifact	pcrec_8da6120_auto-nocaps-simdna	measured	pinned	4	stddev_ns	179.155563	85	1.0000	0	0		
rank	orig	(set)	match-compliance	whole-subject	separate artifact	pcrec_8da6120_auto-nocaps-simdna	measured	pinned	4	ratio_vs_baseline	3.742474	85	1.0000	0	0		
rank	orig	(set)	match-compliance	whole-subject	separate artifact	pcrec_8da6120_auto-nocaps-simdna	measured	pinned	4	ratio_vs_best	3.742474	85	1.0000	0	0		
rank	orig	(set)	match-compliance	whole-subject	separate artifact	pcrec_8da6120_auto-caps-simdna	measured	pinned	5	median_ns	235230.276074	85	1.0000	0	0		
rank	orig	(set)	match-compliance	whole-subject	separate artifact	pcrec_8da6120_auto-caps-simdna	measured	pinned	5	min_ns	234913.354929	85	1.0000	0	0		
rank	orig	(set)	match-compliance	whole-subject	separate artifact	pcrec_8da6120_auto-caps-simdna	measured	pinned	5	max_ns	236508.904800	85	1.0000	0	0		
rank	orig	(set)	match-compliance	whole-subject	separate artifact	pcrec_8da6120_auto-caps-simdna	measured	pinned	5	stddev_ns	586.432884	85	1.0000	0	0		
rank	orig	(set)	match-compliance	whole-subject	separate artifact	pcrec_8da6120_auto-caps-simdna	measured	pinned	5	ratio_vs_baseline	3.749747	85	1.0000	0	0		
rank	orig	(set)	match-compliance	whole-subject	separate artifact	pcrec_8da6120_auto-caps-simdna	measured	pinned	5	ratio_vs_best	3.749747	85	1.0000	0	0		
rank	orig	(set)	match-compliance	plain	same program	libpcre2_10.46_jit-caps-simdna	measured	pinned	6	median_ns	535137.902175	85	1.0000	0	0		
rank	orig	(set)	match-compliance	plain	same program	libpcre2_10.46_jit-caps-simdna	measured	pinned	6	min_ns	533912.719835	85	1.0000	0	0		
rank	orig	(set)	match-compliance	plain	same program	libpcre2_10.46_jit-caps-simdna	measured	pinned	6	max_ns	547816.110046	85	1.0000	0	0		
rank	orig	(set)	match-compliance	plain	same program	libpcre2_10.46_jit-caps-simdna	measured	pinned	6	stddev_ns	5144.161788	85	1.0000	0	0		
rank	orig	(set)	match-compliance	plain	same program	libpcre2_10.46_jit-caps-simdna	measured	pinned	6	ratio_vs_baseline	8.530500	85	1.0000	0	0		
rank	orig	(set)	match-compliance	plain	same program	libpcre2_10.46_jit-caps-simdna	measured	pinned	6	ratio_vs_best	8.530500	85	1.0000	0	0		
not_ranked	orig	(set)	match-compliance	plain	same program	libpcre2_10.46_interp-caps-simdna	inconclusive-load	pinned		pass_rate	1.0000	85	1.0000	0	0	0	
not_ranked	orig	(set)	match-compliance	whole-subject	separate artifact	pcrec_692c2e8_auto-caps-simdna	inconclusive-load	pinned		pass_rate	1.0000	85	1.0000	0	0	0	
not_ranked	orig	(set)	match-compliance	whole-subject	separate artifact	pcrec_692c2e8_auto-nocaps-simdna	inconclusive-load	pinned		pass_rate	1.0000	85	1.0000	0	0	0	
rank	orig	(set)	short-subject-search	plain	same program	libpcre2_10.46_jit-caps-simdna	measured	pinned	1	median_ns	6123.834347	77	1.0000	0	0		
rank	orig	(set)	short-subject-search	plain	same program	libpcre2_10.46_jit-caps-simdna	measured	pinned	1	min_ns	6111.310093	77	1.0000	0	0		
rank	orig	(set)	short-subject-search	plain	same program	libpcre2_10.46_jit-caps-simdna	measured	pinned	1	max_ns	6274.413724	77	1.0000	0	0		
rank	orig	(set)	short-subject-search	plain	same program	libpcre2_10.46_jit-caps-simdna	measured	pinned	1	stddev_ns	61.465116	77	1.0000	0	0		
rank	orig	(set)	short-subject-search	plain	same program	libpcre2_10.46_jit-caps-simdna	measured	pinned	1	ratio_vs_baseline	1.000000	77	1.0000	0	0		
rank	orig	(set)	short-subject-search	plain	same program	libpcre2_10.46_jit-caps-simdna	measured	pinned	1	ratio_vs_best	1.000000	77	1.0000	0	0		
rank	orig	(set)	short-subject-search	plain	same program	pcrec_8da6120_auto-caps-simdna	measured	pinned	2	median_ns	6131.076279	77	1.0000	0	0		
rank	orig	(set)	short-subject-search	plain	same program	pcrec_8da6120_auto-caps-simdna	measured	pinned	2	min_ns	6118.265961	77	1.0000	0	0		
rank	orig	(set)	short-subject-search	plain	same program	pcrec_8da6120_auto-caps-simdna	measured	pinned	2	max_ns	6148.623826	77	1.0000	0	0		
rank	orig	(set)	short-subject-search	plain	same program	pcrec_8da6120_auto-caps-simdna	measured	pinned	2	stddev_ns	11.767969	77	1.0000	0	0		
rank	orig	(set)	short-subject-search	plain	same program	pcrec_8da6120_auto-caps-simdna	measured	pinned	2	ratio_vs_baseline	1.001183	77	1.0000	0	0		
rank	orig	(set)	short-subject-search	plain	same program	pcrec_8da6120_auto-caps-simdna	measured	pinned	2	ratio_vs_best	1.001183	77	1.0000	0	0		
rank	orig	(set)	short-subject-search	plain	same program	pcrec_8da6120_auto-nocaps-simdna	measured	pinned	3	median_ns	6135.270320	77	1.0000	0	0		
rank	orig	(set)	short-subject-search	plain	same program	pcrec_8da6120_auto-nocaps-simdna	measured	pinned	3	min_ns	6105.476829	77	1.0000	0	0		
rank	orig	(set)	short-subject-search	plain	same program	pcrec_8da6120_auto-nocaps-simdna	measured	pinned	3	max_ns	6151.889958	77	1.0000	0	0		
rank	orig	(set)	short-subject-search	plain	same program	pcrec_8da6120_auto-nocaps-simdna	measured	pinned	3	stddev_ns	16.003217	77	1.0000	0	0		
rank	orig	(set)	short-subject-search	plain	same program	pcrec_8da6120_auto-nocaps-simdna	measured	pinned	3	ratio_vs_baseline	1.001867	77	1.0000	0	0		
rank	orig	(set)	short-subject-search	plain	same program	pcrec_8da6120_auto-nocaps-simdna	measured	pinned	3	ratio_vs_best	1.001867	77	1.0000	0	0		
rank	orig	(set)	short-subject-search	plain	same program	pcrec_692c2e8_vm-in-caps-simdna	measured	pinned	4	median_ns	12546.190865	77	1.0000	0	0		
rank	orig	(set)	short-subject-search	plain	same program	pcrec_692c2e8_vm-in-caps-simdna	measured	pinned	4	min_ns	12511.794347	77	1.0000	0	0		
rank	orig	(set)	short-subject-search	plain	same program	pcrec_692c2e8_vm-in-caps-simdna	measured	pinned	4	max_ns	12629.498757	77	1.0000	0	0		
rank	orig	(set)	short-subject-search	plain	same program	pcrec_692c2e8_vm-in-caps-simdna	measured	pinned	4	stddev_ns	43.488345	77	1.0000	0	0		
rank	orig	(set)	short-subject-search	plain	same program	pcrec_692c2e8_vm-in-caps-simdna	measured	pinned	4	ratio_vs_baseline	2.048748	77	1.0000	0	0		
rank	orig	(set)	short-subject-search	plain	same program	pcrec_692c2e8_vm-in-caps-simdna	measured	pinned	4	ratio_vs_best	2.048748	77	1.0000	0	0		
rank	orig	(set)	short-subject-search	plain	same program	pcrec_692c2e8_vm-caps-simdna	measured	pinned	5	median_ns	28996.905722	77	1.0000	0	0		unchanged (within spread)
rank	orig	(set)	short-subject-search	plain	same program	pcrec_692c2e8_vm-caps-simdna	measured	pinned	5	min_ns	28809.298167	77	1.0000	0	0		unchanged (within spread)
rank	orig	(set)	short-subject-search	plain	same program	pcrec_692c2e8_vm-caps-simdna	measured	pinned	5	max_ns	30000.957563	77	1.0000	0	0		unchanged (within spread)
rank	orig	(set)	short-subject-search	plain	same program	pcrec_692c2e8_vm-caps-simdna	measured	pinned	5	stddev_ns	431.081428	77	1.0000	0	0		unchanged (within spread)
rank	orig	(set)	short-subject-search	plain	same program	pcrec_692c2e8_vm-caps-simdna	measured	pinned	5	ratio_vs_baseline	4.735090	77	1.0000	0	0		unchanged (within spread)
rank	orig	(set)	short-subject-search	plain	same program	pcrec_692c2e8_vm-caps-simdna	measured	pinned	5	ratio_vs_best	4.735090	77	1.0000	0	0		unchanged (within spread)
rank	orig	(set)	short-subject-search	plain	same program	pcrec_8da6120_vm-caps-simdna	measured	pinned	6	median_ns	30090.313379	77	1.0000	0	0		
rank	orig	(set)	short-subject-search	plain	same program	pcrec_8da6120_vm-caps-simdna	measured	pinned	6	min_ns	29227.931075	77	1.0000	0	0		
rank	orig	(set)	short-subject-search	plain	same program	pcrec_8da6120_vm-caps-simdna	measured	pinned	6	max_ns	31144.407462	77	1.0000	0	0		
rank	orig	(set)	short-subject-search	plain	same program	pcrec_8da6120_vm-caps-simdna	measured	pinned	6	stddev_ns	610.272255	77	1.0000	0	0		
rank	orig	(set)	short-subject-search	plain	same program	pcrec_8da6120_vm-caps-simdna	measured	pinned	6	ratio_vs_baseline	4.913639	77	1.0000	0	0		
rank	orig	(set)	short-subject-search	plain	same program	pcrec_8da6120_vm-caps-simdna	measured	pinned	6	ratio_vs_best	4.913639	77	1.0000	0	0		
not_ranked	orig	(set)	short-subject-search	plain	same program	libpcre2_10.46_interp-caps-simdna	inconclusive-load	pinned		pass_rate	1.0000	77	1.0000	0	0	0	
not_ranked	orig	(set)	short-subject-search	plain	same program	pcrec_692c2e8_auto-caps-simdna	inconclusive-load	pinned		pass_rate	1.0000	77	1.0000	0	0	0	
not_ranked	orig	(set)	short-subject-search	plain	same program	pcrec_692c2e8_auto-nocaps-simdna	inconclusive-load	pinned		pass_rate	1.0000	77	1.0000	0	0	0	
compile	factored			plain	same program	libpcre2_10.46_interp-caps-simdna				median_total_ns	36390.000000	5					
compile	orig			plain	same program	libpcre2_10.46_interp-caps-simdna				median_total_ns	34781.000000	5					
compile	factored			plain	same program	libpcre2_10.46_jit-caps-simdna				median_total_ns	68951.000000	5					
compile	orig			plain	same program	libpcre2_10.46_jit-caps-simdna				median_total_ns	148341.000000	5					
compile	factored			plain	same program	pcrec_692c2e8_auto-caps-simdna				median_total_ns	137870986.000000	5					
compile	factored			whole-subject	separate artifact	pcrec_692c2e8_auto-caps-simdna				median_total_ns	151352487.000000	5					
compile	orig			plain	same program	pcrec_692c2e8_auto-caps-simdna				median_total_ns	138059729.000000	5					
compile	orig			whole-subject	separate artifact	pcrec_692c2e8_auto-caps-simdna				median_total_ns	140676166.000000	5					
compile	factored			plain	same program	pcrec_692c2e8_auto-nocaps-simdna				median_total_ns	135825530.000000	5					
compile	factored			whole-subject	separate artifact	pcrec_692c2e8_auto-nocaps-simdna				median_total_ns	141989216.000000	5					
compile	orig			plain	same program	pcrec_692c2e8_auto-nocaps-simdna				median_total_ns	133689958.000000	5					
compile	orig			whole-subject	separate artifact	pcrec_692c2e8_auto-nocaps-simdna				median_total_ns	160936575.000000	5					
compile	factored			plain	same program	pcrec_692c2e8_vm-caps-simdna				median_total_ns	535765380.000000	5					
compile	factored			whole-subject	separate artifact	pcrec_692c2e8_vm-caps-simdna				median_total_ns	538961373.000000	5					
compile	orig			plain	same program	pcrec_692c2e8_vm-caps-simdna				median_total_ns	406687295.000000	5					
compile	orig			whole-subject	separate artifact	pcrec_692c2e8_vm-caps-simdna				median_total_ns	404607847.000000	5					
compile	factored			plain	same program	pcrec_692c2e8_vm-in-caps-simdna				median_total_ns	533212035.000000	5					
compile	factored			whole-subject	separate artifact	pcrec_692c2e8_vm-in-caps-simdna				median_total_ns	542331633.000000	5					
compile	orig			plain	same program	pcrec_692c2e8_vm-in-caps-simdna				median_total_ns	406593912.000000	5					
compile	orig			whole-subject	separate artifact	pcrec_692c2e8_vm-in-caps-simdna				median_total_ns	401511589.000000	5					
compile	factored			plain	same program	pcrec_8da6120_auto-caps-simdna				median_total_ns	420465289.000000	5					
compile	factored			whole-subject	separate artifact	pcrec_8da6120_auto-caps-simdna				median_total_ns	430387601.000000	5					
compile	orig			plain	same program	pcrec_8da6120_auto-caps-simdna				median_total_ns	118056825.000000	5					
compile	orig			whole-subject	separate artifact	pcrec_8da6120_auto-caps-simdna				median_total_ns	117555053.000000	5					
compile	factored			plain	same program	pcrec_8da6120_auto-nocaps-simdna				median_total_ns	427493516.000000	5					
compile	factored			whole-subject	separate artifact	pcrec_8da6120_auto-nocaps-simdna				median_total_ns	420974905.000000	5					
compile	orig			plain	same program	pcrec_8da6120_auto-nocaps-simdna				median_total_ns	113739182.000000	5					
compile	orig			whole-subject	separate artifact	pcrec_8da6120_auto-nocaps-simdna				median_total_ns	135300201.000000	5					
compile	factored			plain	same program	pcrec_8da6120_vm-caps-simdna				median_total_ns	424762944.000000	5					
compile	factored			whole-subject	separate artifact	pcrec_8da6120_vm-caps-simdna				median_total_ns	427987625.000000	5					
compile	orig			plain	same program	pcrec_8da6120_vm-caps-simdna				median_total_ns	382875770.000000	5					
compile	orig			whole-subject	separate artifact	pcrec_8da6120_vm-caps-simdna				median_total_ns	374587618.000000	5					
