# reporter: v13 (2026-09-03); filters: subbench=loglines, version=0.1, since=2026-09-05T03:40:00Z, until=2026-09-05T04:00:00Z, testee=pcrec_288d505_auto-caps-simdna, testee=pcrec_288d505_auto-caps-simdna_noedge; source: store/index.tsv (2 record(s) matching this query); records: 2; excluded_invalid: 0; superseded: 0; newer_not_measured: 0; subbench_versions: loglines@0.1; machines: budu-ryzen1600; schema_versions: 1.5; grain: set; single_subject_regimes: ; include_unmeasured: False; include_scratch: False; all_records: False; x13_rules: v1.4 X13 (pre-flight + trial agreement) on 2; mixed_x13: False; include_provenance: False; worst_other_core_busy: 2.28% (pcrec_288d505_auto-caps-simdna_noedge / uuid / short-subject-search)
section	pattern	subject_or_na	regime_or_na	form	fact	testee	status	tier	rank_or_na	metric	value	n	pass_rate	n_gave_up	n_wrong	gave_up_summary	delta_verdict
record						loglines@0.1__pcrec_288d505_auto-caps-simdna__budu-ryzen1600__20260905T034809Z				agreement	agree (0 of 22 groups; 0 of 1364 rows; 0 unjudged; k=1.5, 2/3; 5 trials)						
record						loglines@0.1__pcrec_288d505_auto-caps-simdna_noedge__budu-ryzen1600__20260905T035640Z				agreement	agree (0 of 22 groups; 0 of 1364 rows; 0 unjudged; k=1.5, 2/3; 5 trials)						
rank	bignum	(set)	large-subject-throughput	plain	same program	pcrec_288d505_auto-caps-simdna_noedge	measured	pinned	1	median_ns	13184386.089552	12	1.0000	0	0		
rank	bignum	(set)	large-subject-throughput	plain	same program	pcrec_288d505_auto-caps-simdna_noedge	measured	pinned	1	min_ns	13050163.194030	12	1.0000	0	0		
rank	bignum	(set)	large-subject-throughput	plain	same program	pcrec_288d505_auto-caps-simdna_noedge	measured	pinned	1	max_ns	13196256.179104	12	1.0000	0	0		
rank	bignum	(set)	large-subject-throughput	plain	same program	pcrec_288d505_auto-caps-simdna_noedge	measured	pinned	1	stddev_ns	66311.302033	12	1.0000	0	0		
rank	bignum	(set)	large-subject-throughput	plain	same program	pcrec_288d505_auto-caps-simdna_noedge	measured	pinned	1	ratio_vs_baseline	1.000000	12	1.0000	0	0		
rank	bignum	(set)	large-subject-throughput	plain	same program	pcrec_288d505_auto-caps-simdna_noedge	measured	pinned	1	ratio_vs_best	1.000000	12	1.0000	0	0		
rank	bignum	(set)	large-subject-throughput	plain	same program	pcrec_288d505_auto-caps-simdna	measured	pinned	2	median_ns	13188406.522388	12	1.0000	0	0		
rank	bignum	(set)	large-subject-throughput	plain	same program	pcrec_288d505_auto-caps-simdna	measured	pinned	2	min_ns	13186565.462687	12	1.0000	0	0		
rank	bignum	(set)	large-subject-throughput	plain	same program	pcrec_288d505_auto-caps-simdna	measured	pinned	2	max_ns	13199102.835821	12	1.0000	0	0		
rank	bignum	(set)	large-subject-throughput	plain	same program	pcrec_288d505_auto-caps-simdna	measured	pinned	2	stddev_ns	4567.503524	12	1.0000	0	0		
rank	bignum	(set)	large-subject-throughput	plain	same program	pcrec_288d505_auto-caps-simdna	measured	pinned	2	ratio_vs_baseline	1.000305	12	1.0000	0	0		
rank	bignum	(set)	large-subject-throughput	plain	same program	pcrec_288d505_auto-caps-simdna	measured	pinned	2	ratio_vs_best	1.000305	12	1.0000	0	0		
rank	bignum	(set)	short-subject-search	plain	same program	pcrec_288d505_auto-caps-simdna_noedge	measured	pinned	1	median_ns	426832.705732	112	1.0000	0	0		
rank	bignum	(set)	short-subject-search	plain	same program	pcrec_288d505_auto-caps-simdna_noedge	measured	pinned	1	min_ns	423493.347582	112	1.0000	0	0		
rank	bignum	(set)	short-subject-search	plain	same program	pcrec_288d505_auto-caps-simdna_noedge	measured	pinned	1	max_ns	430100.757071	112	1.0000	0	0		
rank	bignum	(set)	short-subject-search	plain	same program	pcrec_288d505_auto-caps-simdna_noedge	measured	pinned	1	stddev_ns	2107.605784	112	1.0000	0	0		
rank	bignum	(set)	short-subject-search	plain	same program	pcrec_288d505_auto-caps-simdna_noedge	measured	pinned	1	ratio_vs_baseline	1.000000	112	1.0000	0	0		
rank	bignum	(set)	short-subject-search	plain	same program	pcrec_288d505_auto-caps-simdna_noedge	measured	pinned	1	ratio_vs_best	1.000000	112	1.0000	0	0		
rank	bignum	(set)	short-subject-search	plain	same program	pcrec_288d505_auto-caps-simdna	measured	pinned	2	median_ns	430384.340968	112	1.0000	0	0		
rank	bignum	(set)	short-subject-search	plain	same program	pcrec_288d505_auto-caps-simdna	measured	pinned	2	min_ns	423683.684832	112	1.0000	0	0		
rank	bignum	(set)	short-subject-search	plain	same program	pcrec_288d505_auto-caps-simdna	measured	pinned	2	max_ns	432023.229404	112	1.0000	0	0		
rank	bignum	(set)	short-subject-search	plain	same program	pcrec_288d505_auto-caps-simdna	measured	pinned	2	stddev_ns	2936.152275	112	1.0000	0	0		
rank	bignum	(set)	short-subject-search	plain	same program	pcrec_288d505_auto-caps-simdna	measured	pinned	2	ratio_vs_baseline	1.008321	112	1.0000	0	0		
rank	bignum	(set)	short-subject-search	plain	same program	pcrec_288d505_auto-caps-simdna	measured	pinned	2	ratio_vs_best	1.008321	112	1.0000	0	0		
rank	floor	(set)	large-subject-throughput	plain	same program	pcrec_288d505_auto-caps-simdna	measured	pinned	1	median_ns	2904592.439114	12	1.0000	0	0		
rank	floor	(set)	large-subject-throughput	plain	same program	pcrec_288d505_auto-caps-simdna	measured	pinned	1	min_ns	2902626.929889	12	1.0000	0	0		
rank	floor	(set)	large-subject-throughput	plain	same program	pcrec_288d505_auto-caps-simdna	measured	pinned	1	max_ns	2911819.531365	12	1.0000	0	0		
rank	floor	(set)	large-subject-throughput	plain	same program	pcrec_288d505_auto-caps-simdna	measured	pinned	1	stddev_ns	3254.769415	12	1.0000	0	0		
rank	floor	(set)	large-subject-throughput	plain	same program	pcrec_288d505_auto-caps-simdna	measured	pinned	1	ratio_vs_baseline	1.000000	12	1.0000	0	0		
rank	floor	(set)	large-subject-throughput	plain	same program	pcrec_288d505_auto-caps-simdna	measured	pinned	1	ratio_vs_best	1.000000	12	1.0000	0	0		
rank	floor	(set)	large-subject-throughput	plain	same program	pcrec_288d505_auto-caps-simdna_noedge	measured	pinned	2	median_ns	2907914.628571	12	1.0000	0	0		
rank	floor	(set)	large-subject-throughput	plain	same program	pcrec_288d505_auto-caps-simdna_noedge	measured	pinned	2	min_ns	2904777.217857	12	1.0000	0	0		
rank	floor	(set)	large-subject-throughput	plain	same program	pcrec_288d505_auto-caps-simdna_noedge	measured	pinned	2	max_ns	2913505.985714	12	1.0000	0	0		
rank	floor	(set)	large-subject-throughput	plain	same program	pcrec_288d505_auto-caps-simdna_noedge	measured	pinned	2	stddev_ns	3359.425140	12	1.0000	0	0		
rank	floor	(set)	large-subject-throughput	plain	same program	pcrec_288d505_auto-caps-simdna_noedge	measured	pinned	2	ratio_vs_baseline	1.001144	12	1.0000	0	0		
rank	floor	(set)	large-subject-throughput	plain	same program	pcrec_288d505_auto-caps-simdna_noedge	measured	pinned	2	ratio_vs_best	1.001144	12	1.0000	0	0		
rank	floor	(set)	short-subject-search	plain	same program	pcrec_288d505_auto-caps-simdna_noedge	measured	pinned	1	median_ns	2037.876286	112	1.0000	0	0		
rank	floor	(set)	short-subject-search	plain	same program	pcrec_288d505_auto-caps-simdna_noedge	measured	pinned	1	min_ns	2035.579876	112	1.0000	0	0		
rank	floor	(set)	short-subject-search	plain	same program	pcrec_288d505_auto-caps-simdna_noedge	measured	pinned	1	max_ns	2165.116664	112	1.0000	0	0		
rank	floor	(set)	short-subject-search	plain	same program	pcrec_288d505_auto-caps-simdna_noedge	measured	pinned	1	stddev_ns	50.570636	112	1.0000	0	0		
rank	floor	(set)	short-subject-search	plain	same program	pcrec_288d505_auto-caps-simdna_noedge	measured	pinned	1	ratio_vs_baseline	1.000000	112	1.0000	0	0		
rank	floor	(set)	short-subject-search	plain	same program	pcrec_288d505_auto-caps-simdna_noedge	measured	pinned	1	ratio_vs_best	1.000000	112	1.0000	0	0		
rank	floor	(set)	short-subject-search	plain	same program	pcrec_288d505_auto-caps-simdna	measured	pinned	2	median_ns	2043.986333	112	1.0000	0	0		
rank	floor	(set)	short-subject-search	plain	same program	pcrec_288d505_auto-caps-simdna	measured	pinned	2	min_ns	2041.365726	112	1.0000	0	0		
rank	floor	(set)	short-subject-search	plain	same program	pcrec_288d505_auto-caps-simdna	measured	pinned	2	max_ns	2055.947086	112	1.0000	0	0		
rank	floor	(set)	short-subject-search	plain	same program	pcrec_288d505_auto-caps-simdna	measured	pinned	2	stddev_ns	5.177770	112	1.0000	0	0		
rank	floor	(set)	short-subject-search	plain	same program	pcrec_288d505_auto-caps-simdna	measured	pinned	2	ratio_vs_baseline	1.002998	112	1.0000	0	0		
rank	floor	(set)	short-subject-search	plain	same program	pcrec_288d505_auto-caps-simdna	measured	pinned	2	ratio_vs_best	1.002998	112	1.0000	0	0		
rank	hex32-id	(set)	large-subject-throughput	plain	same program	pcrec_288d505_auto-caps-simdna_noedge	measured	pinned	1	median_ns	13071679.701493	12	1.0000	0	0		
rank	hex32-id	(set)	large-subject-throughput	plain	same program	pcrec_288d505_auto-caps-simdna_noedge	measured	pinned	1	min_ns	13057087.417910	12	1.0000	0	0		
rank	hex32-id	(set)	large-subject-throughput	plain	same program	pcrec_288d505_auto-caps-simdna_noedge	measured	pinned	1	max_ns	13171204.850746	12	1.0000	0	0		
rank	hex32-id	(set)	large-subject-throughput	plain	same program	pcrec_288d505_auto-caps-simdna_noedge	measured	pinned	1	stddev_ns	41848.872206	12	1.0000	0	0		
rank	hex32-id	(set)	large-subject-throughput	plain	same program	pcrec_288d505_auto-caps-simdna_noedge	measured	pinned	1	ratio_vs_baseline	1.000000	12	1.0000	0	0		
rank	hex32-id	(set)	large-subject-throughput	plain	same program	pcrec_288d505_auto-caps-simdna_noedge	measured	pinned	1	ratio_vs_best	1.000000	12	1.0000	0	0		
rank	hex32-id	(set)	large-subject-throughput	plain	same program	pcrec_288d505_auto-caps-simdna	measured	pinned	2	median_ns	13176279.283582	12	1.0000	0	0		
rank	hex32-id	(set)	large-subject-throughput	plain	same program	pcrec_288d505_auto-caps-simdna	measured	pinned	2	min_ns	13018362.179104	12	1.0000	0	0		
rank	hex32-id	(set)	large-subject-throughput	plain	same program	pcrec_288d505_auto-caps-simdna	measured	pinned	2	max_ns	13180027.940299	12	1.0000	0	0		
rank	hex32-id	(set)	large-subject-throughput	plain	same program	pcrec_288d505_auto-caps-simdna	measured	pinned	2	stddev_ns	63331.088117	12	1.0000	0	0		
rank	hex32-id	(set)	large-subject-throughput	plain	same program	pcrec_288d505_auto-caps-simdna	measured	pinned	2	ratio_vs_baseline	1.008002	12	1.0000	0	0		
rank	hex32-id	(set)	large-subject-throughput	plain	same program	pcrec_288d505_auto-caps-simdna	measured	pinned	2	ratio_vs_best	1.008002	12	1.0000	0	0		
rank	hex32-id	(set)	short-subject-search	plain	same program	pcrec_288d505_auto-caps-simdna_noedge	measured	pinned	1	median_ns	432713.345417	112	1.0000	0	0		
rank	hex32-id	(set)	short-subject-search	plain	same program	pcrec_288d505_auto-caps-simdna_noedge	measured	pinned	1	min_ns	431963.285768	112	1.0000	0	0		
rank	hex32-id	(set)	short-subject-search	plain	same program	pcrec_288d505_auto-caps-simdna_noedge	measured	pinned	1	max_ns	435751.836005	112	1.0000	0	0		
rank	hex32-id	(set)	short-subject-search	plain	same program	pcrec_288d505_auto-caps-simdna_noedge	measured	pinned	1	stddev_ns	1356.708965	112	1.0000	0	0		
rank	hex32-id	(set)	short-subject-search	plain	same program	pcrec_288d505_auto-caps-simdna_noedge	measured	pinned	1	ratio_vs_baseline	1.000000	112	1.0000	0	0		
rank	hex32-id	(set)	short-subject-search	plain	same program	pcrec_288d505_auto-caps-simdna_noedge	measured	pinned	1	ratio_vs_best	1.000000	112	1.0000	0	0		
rank	hex32-id	(set)	short-subject-search	plain	same program	pcrec_288d505_auto-caps-simdna	measured	pinned	2	median_ns	434180.169035	112	1.0000	0	0		
rank	hex32-id	(set)	short-subject-search	plain	same program	pcrec_288d505_auto-caps-simdna	measured	pinned	2	min_ns	430939.333706	112	1.0000	0	0		
rank	hex32-id	(set)	short-subject-search	plain	same program	pcrec_288d505_auto-caps-simdna	measured	pinned	2	max_ns	435157.031348	112	1.0000	0	0		
rank	hex32-id	(set)	short-subject-search	plain	same program	pcrec_288d505_auto-caps-simdna	measured	pinned	2	stddev_ns	1561.135885	112	1.0000	0	0		
rank	hex32-id	(set)	short-subject-search	plain	same program	pcrec_288d505_auto-caps-simdna	measured	pinned	2	ratio_vs_baseline	1.003390	112	1.0000	0	0		
rank	hex32-id	(set)	short-subject-search	plain	same program	pcrec_288d505_auto-caps-simdna	measured	pinned	2	ratio_vs_best	1.003390	112	1.0000	0	0		
rank	http-5xx	(set)	large-subject-throughput	plain	same program	pcrec_288d505_auto-caps-simdna_noedge	measured	pinned	1	median_ns	251965.479425	12	1.0000	0	0		
rank	http-5xx	(set)	large-subject-throughput	plain	same program	pcrec_288d505_auto-caps-simdna_noedge	measured	pinned	1	min_ns	251724.233834	12	1.0000	0	0		
rank	http-5xx	(set)	large-subject-throughput	plain	same program	pcrec_288d505_auto-caps-simdna_noedge	measured	pinned	1	max_ns	253491.609406	12	1.0000	0	0		
rank	http-5xx	(set)	large-subject-throughput	plain	same program	pcrec_288d505_auto-caps-simdna_noedge	measured	pinned	1	stddev_ns	653.137635	12	1.0000	0	0		
rank	http-5xx	(set)	large-subject-throughput	plain	same program	pcrec_288d505_auto-caps-simdna_noedge	measured	pinned	1	ratio_vs_baseline	1.000000	12	1.0000	0	0		
rank	http-5xx	(set)	large-subject-throughput	plain	same program	pcrec_288d505_auto-caps-simdna_noedge	measured	pinned	1	ratio_vs_best	1.000000	12	1.0000	0	0		
rank	http-5xx	(set)	large-subject-throughput	plain	same program	pcrec_288d505_auto-caps-simdna	measured	pinned	2	median_ns	260283.615260	12	1.0000	0	0		
rank	http-5xx	(set)	large-subject-throughput	plain	same program	pcrec_288d505_auto-caps-simdna	measured	pinned	2	min_ns	258896.975428	12	1.0000	0	0		
rank	http-5xx	(set)	large-subject-throughput	plain	same program	pcrec_288d505_auto-caps-simdna	measured	pinned	2	max_ns	261471.520854	12	1.0000	0	0		
rank	http-5xx	(set)	large-subject-throughput	plain	same program	pcrec_288d505_auto-caps-simdna	measured	pinned	2	stddev_ns	850.738815	12	1.0000	0	0		
rank	http-5xx	(set)	large-subject-throughput	plain	same program	pcrec_288d505_auto-caps-simdna	measured	pinned	2	ratio_vs_baseline	1.033013	12	1.0000	0	0		
rank	http-5xx	(set)	large-subject-throughput	plain	same program	pcrec_288d505_auto-caps-simdna	measured	pinned	2	ratio_vs_best	1.033013	12	1.0000	0	0		
rank	http-5xx	(set)	short-subject-search	plain	same program	pcrec_288d505_auto-caps-simdna_noedge	measured	pinned	1	median_ns	7032.576974	112	1.0000	0	0		
rank	http-5xx	(set)	short-subject-search	plain	same program	pcrec_288d505_auto-caps-simdna_noedge	measured	pinned	1	min_ns	7010.279304	112	1.0000	0	0		
rank	http-5xx	(set)	short-subject-search	plain	same program	pcrec_288d505_auto-caps-simdna_noedge	measured	pinned	1	max_ns	7049.565769	112	1.0000	0	0		
rank	http-5xx	(set)	short-subject-search	plain	same program	pcrec_288d505_auto-caps-simdna_noedge	measured	pinned	1	stddev_ns	15.844287	112	1.0000	0	0		
rank	http-5xx	(set)	short-subject-search	plain	same program	pcrec_288d505_auto-caps-simdna_noedge	measured	pinned	1	ratio_vs_baseline	1.000000	112	1.0000	0	0		
rank	http-5xx	(set)	short-subject-search	plain	same program	pcrec_288d505_auto-caps-simdna_noedge	measured	pinned	1	ratio_vs_best	1.000000	112	1.0000	0	0		
rank	http-5xx	(set)	short-subject-search	plain	same program	pcrec_288d505_auto-caps-simdna	measured	pinned	2	median_ns	7215.264514	112	1.0000	0	0		
rank	http-5xx	(set)	short-subject-search	plain	same program	pcrec_288d505_auto-caps-simdna	measured	pinned	2	min_ns	7200.128438	112	1.0000	0	0		
rank	http-5xx	(set)	short-subject-search	plain	same program	pcrec_288d505_auto-caps-simdna	measured	pinned	2	max_ns	7263.104309	112	1.0000	0	0		
rank	http-5xx	(set)	short-subject-search	plain	same program	pcrec_288d505_auto-caps-simdna	measured	pinned	2	stddev_ns	24.782570	112	1.0000	0	0		
rank	http-5xx	(set)	short-subject-search	plain	same program	pcrec_288d505_auto-caps-simdna	measured	pinned	2	ratio_vs_baseline	1.025977	112	1.0000	0	0		
rank	http-5xx	(set)	short-subject-search	plain	same program	pcrec_288d505_auto-caps-simdna	measured	pinned	2	ratio_vs_best	1.025977	112	1.0000	0	0		
rank	ipv4	(set)	large-subject-throughput	plain	same program	pcrec_288d505_auto-caps-simdna	measured	pinned	1	median_ns	6882753.594203	12	1.0000	0	0		
rank	ipv4	(set)	large-subject-throughput	plain	same program	pcrec_288d505_auto-caps-simdna	measured	pinned	1	min_ns	6875828.543478	12	1.0000	0	0		
rank	ipv4	(set)	large-subject-throughput	plain	same program	pcrec_288d505_auto-caps-simdna	measured	pinned	1	max_ns	6915392.920290	12	1.0000	0	0		
rank	ipv4	(set)	large-subject-throughput	plain	same program	pcrec_288d505_auto-caps-simdna	measured	pinned	1	stddev_ns	14813.535904	12	1.0000	0	0		
rank	ipv4	(set)	large-subject-throughput	plain	same program	pcrec_288d505_auto-caps-simdna	measured	pinned	1	ratio_vs_baseline	1.000000	12	1.0000	0	0		
rank	ipv4	(set)	large-subject-throughput	plain	same program	pcrec_288d505_auto-caps-simdna	measured	pinned	1	ratio_vs_best	1.000000	12	1.0000	0	0		
rank	ipv4	(set)	large-subject-throughput	plain	same program	pcrec_288d505_auto-caps-simdna_noedge	measured	pinned	2	median_ns	6893549.036765	12	1.0000	0	0		
rank	ipv4	(set)	large-subject-throughput	plain	same program	pcrec_288d505_auto-caps-simdna_noedge	measured	pinned	2	min_ns	6868986.316176	12	1.0000	0	0		
rank	ipv4	(set)	large-subject-throughput	plain	same program	pcrec_288d505_auto-caps-simdna_noedge	measured	pinned	2	max_ns	6917192.566176	12	1.0000	0	0		
rank	ipv4	(set)	large-subject-throughput	plain	same program	pcrec_288d505_auto-caps-simdna_noedge	measured	pinned	2	stddev_ns	16196.339251	12	1.0000	0	0		
rank	ipv4	(set)	large-subject-throughput	plain	same program	pcrec_288d505_auto-caps-simdna_noedge	measured	pinned	2	ratio_vs_baseline	1.001568	12	1.0000	0	0		
rank	ipv4	(set)	large-subject-throughput	plain	same program	pcrec_288d505_auto-caps-simdna_noedge	measured	pinned	2	ratio_vs_best	1.001568	12	1.0000	0	0		
rank	ipv4	(set)	short-subject-search	plain	same program	pcrec_288d505_auto-caps-simdna	measured	pinned	1	median_ns	204687.543011	112	1.0000	0	0		
rank	ipv4	(set)	short-subject-search	plain	same program	pcrec_288d505_auto-caps-simdna	measured	pinned	1	min_ns	204110.778448	112	1.0000	0	0		
rank	ipv4	(set)	short-subject-search	plain	same program	pcrec_288d505_auto-caps-simdna	measured	pinned	1	max_ns	205614.042998	112	1.0000	0	0		
rank	ipv4	(set)	short-subject-search	plain	same program	pcrec_288d505_auto-caps-simdna	measured	pinned	1	stddev_ns	486.033395	112	1.0000	0	0		
rank	ipv4	(set)	short-subject-search	plain	same program	pcrec_288d505_auto-caps-simdna	measured	pinned	1	ratio_vs_baseline	1.000000	112	1.0000	0	0		
rank	ipv4	(set)	short-subject-search	plain	same program	pcrec_288d505_auto-caps-simdna	measured	pinned	1	ratio_vs_best	1.000000	112	1.0000	0	0		
rank	ipv4	(set)	short-subject-search	plain	same program	pcrec_288d505_auto-caps-simdna_noedge	measured	pinned	2	median_ns	204793.771937	112	1.0000	0	0		
rank	ipv4	(set)	short-subject-search	plain	same program	pcrec_288d505_auto-caps-simdna_noedge	measured	pinned	2	min_ns	204278.542211	112	1.0000	0	0		
rank	ipv4	(set)	short-subject-search	plain	same program	pcrec_288d505_auto-caps-simdna_noedge	measured	pinned	2	max_ns	205062.958145	112	1.0000	0	0		
rank	ipv4	(set)	short-subject-search	plain	same program	pcrec_288d505_auto-caps-simdna_noedge	measured	pinned	2	stddev_ns	258.220438	112	1.0000	0	0		
rank	ipv4	(set)	short-subject-search	plain	same program	pcrec_288d505_auto-caps-simdna_noedge	measured	pinned	2	ratio_vs_baseline	1.000519	112	1.0000	0	0		
rank	ipv4	(set)	short-subject-search	plain	same program	pcrec_288d505_auto-caps-simdna_noedge	measured	pinned	2	ratio_vs_best	1.000519	112	1.0000	0	0		
rank	ipv6	(set)	large-subject-throughput	plain	same program	pcrec_288d505_auto-caps-simdna_noedge	measured	pinned	1	median_ns	10313542.127907	12	1.0000	0	0		
rank	ipv6	(set)	large-subject-throughput	plain	same program	pcrec_288d505_auto-caps-simdna_noedge	measured	pinned	1	min_ns	10273045.581395	12	1.0000	0	0		
rank	ipv6	(set)	large-subject-throughput	plain	same program	pcrec_288d505_auto-caps-simdna_noedge	measured	pinned	1	max_ns	10325784.302326	12	1.0000	0	0		
rank	ipv6	(set)	large-subject-throughput	plain	same program	pcrec_288d505_auto-caps-simdna_noedge	measured	pinned	1	stddev_ns	19085.659081	12	1.0000	0	0		
rank	ipv6	(set)	large-subject-throughput	plain	same program	pcrec_288d505_auto-caps-simdna_noedge	measured	pinned	1	ratio_vs_baseline	1.000000	12	1.0000	0	0		
rank	ipv6	(set)	large-subject-throughput	plain	same program	pcrec_288d505_auto-caps-simdna_noedge	measured	pinned	1	ratio_vs_best	1.000000	12	1.0000	0	0		
rank	ipv6	(set)	large-subject-throughput	plain	same program	pcrec_288d505_auto-caps-simdna	measured	pinned	2	median_ns	10576601.255814	12	1.0000	0	0		
rank	ipv6	(set)	large-subject-throughput	plain	same program	pcrec_288d505_auto-caps-simdna	measured	pinned	2	min_ns	10565990.255814	12	1.0000	0	0		
rank	ipv6	(set)	large-subject-throughput	plain	same program	pcrec_288d505_auto-caps-simdna	measured	pinned	2	max_ns	10589598.302326	12	1.0000	0	0		
rank	ipv6	(set)	large-subject-throughput	plain	same program	pcrec_288d505_auto-caps-simdna	measured	pinned	2	stddev_ns	9150.148577	12	1.0000	0	0		
rank	ipv6	(set)	large-subject-throughput	plain	same program	pcrec_288d505_auto-caps-simdna	measured	pinned	2	ratio_vs_baseline	1.025506	12	1.0000	0	0		
rank	ipv6	(set)	large-subject-throughput	plain	same program	pcrec_288d505_auto-caps-simdna	measured	pinned	2	ratio_vs_best	1.025506	12	1.0000	0	0		
rank	ipv6	(set)	short-subject-search	plain	same program	pcrec_288d505_auto-caps-simdna_noedge	measured	pinned	1	median_ns	258164.388715	112	1.0000	0	0		
rank	ipv6	(set)	short-subject-search	plain	same program	pcrec_288d505_auto-caps-simdna_noedge	measured	pinned	1	min_ns	257400.684698	112	1.0000	0	0		
rank	ipv6	(set)	short-subject-search	plain	same program	pcrec_288d505_auto-caps-simdna_noedge	measured	pinned	1	max_ns	258436.653818	112	1.0000	0	0		
rank	ipv6	(set)	short-subject-search	plain	same program	pcrec_288d505_auto-caps-simdna_noedge	measured	pinned	1	stddev_ns	350.192391	112	1.0000	0	0		
rank	ipv6	(set)	short-subject-search	plain	same program	pcrec_288d505_auto-caps-simdna_noedge	measured	pinned	1	ratio_vs_baseline	1.000000	112	1.0000	0	0		
rank	ipv6	(set)	short-subject-search	plain	same program	pcrec_288d505_auto-caps-simdna_noedge	measured	pinned	1	ratio_vs_best	1.000000	112	1.0000	0	0		
rank	ipv6	(set)	short-subject-search	plain	same program	pcrec_288d505_auto-caps-simdna	measured	pinned	2	median_ns	264952.849154	112	1.0000	0	0		
rank	ipv6	(set)	short-subject-search	plain	same program	pcrec_288d505_auto-caps-simdna	measured	pinned	2	min_ns	263394.951045	112	1.0000	0	0		
rank	ipv6	(set)	short-subject-search	plain	same program	pcrec_288d505_auto-caps-simdna	measured	pinned	2	max_ns	265490.308562	112	1.0000	0	0		
rank	ipv6	(set)	short-subject-search	plain	same program	pcrec_288d505_auto-caps-simdna	measured	pinned	2	stddev_ns	707.416680	112	1.0000	0	0		
rank	ipv6	(set)	short-subject-search	plain	same program	pcrec_288d505_auto-caps-simdna	measured	pinned	2	ratio_vs_baseline	1.026295	112	1.0000	0	0		
rank	ipv6	(set)	short-subject-search	plain	same program	pcrec_288d505_auto-caps-simdna	measured	pinned	2	ratio_vs_best	1.026295	112	1.0000	0	0		
rank	iso-ts	(set)	large-subject-throughput	plain	same program	pcrec_288d505_auto-caps-simdna_noedge	measured	pinned	1	median_ns	1142674.334499	12	1.0000	0	0		
rank	iso-ts	(set)	large-subject-throughput	plain	same program	pcrec_288d505_auto-caps-simdna_noedge	measured	pinned	1	min_ns	1141287.364802	12	1.0000	0	0		
rank	iso-ts	(set)	large-subject-throughput	plain	same program	pcrec_288d505_auto-caps-simdna_noedge	measured	pinned	1	max_ns	1148857.392774	12	1.0000	0	0		
rank	iso-ts	(set)	large-subject-throughput	plain	same program	pcrec_288d505_auto-caps-simdna_noedge	measured	pinned	1	stddev_ns	2737.467092	12	1.0000	0	0		
rank	iso-ts	(set)	large-subject-throughput	plain	same program	pcrec_288d505_auto-caps-simdna_noedge	measured	pinned	1	ratio_vs_baseline	1.000000	12	1.0000	0	0		
rank	iso-ts	(set)	large-subject-throughput	plain	same program	pcrec_288d505_auto-caps-simdna_noedge	measured	pinned	1	ratio_vs_best	1.000000	12	1.0000	0	0		
rank	iso-ts	(set)	large-subject-throughput	plain	same program	pcrec_288d505_auto-caps-simdna	measured	pinned	2	median_ns	1217102.060753	12	1.0000	0	0		
rank	iso-ts	(set)	large-subject-throughput	plain	same program	pcrec_288d505_auto-caps-simdna	measured	pinned	2	min_ns	1217055.619684	12	1.0000	0	0		
rank	iso-ts	(set)	large-subject-throughput	plain	same program	pcrec_288d505_auto-caps-simdna	measured	pinned	2	max_ns	1225505.842041	12	1.0000	0	0		
rank	iso-ts	(set)	large-subject-throughput	plain	same program	pcrec_288d505_auto-caps-simdna	measured	pinned	2	stddev_ns	3275.377731	12	1.0000	0	0		
rank	iso-ts	(set)	large-subject-throughput	plain	same program	pcrec_288d505_auto-caps-simdna	measured	pinned	2	ratio_vs_baseline	1.065135	12	1.0000	0	0		
rank	iso-ts	(set)	large-subject-throughput	plain	same program	pcrec_288d505_auto-caps-simdna	measured	pinned	2	ratio_vs_best	1.065135	12	1.0000	0	0		
rank	iso-ts	(set)	short-subject-search	plain	same program	pcrec_288d505_auto-caps-simdna_noedge	measured	pinned	1	median_ns	20437.944992	112	1.0000	0	0		
rank	iso-ts	(set)	short-subject-search	plain	same program	pcrec_288d505_auto-caps-simdna_noedge	measured	pinned	1	min_ns	20416.994945	112	1.0000	0	0		
rank	iso-ts	(set)	short-subject-search	plain	same program	pcrec_288d505_auto-caps-simdna_noedge	measured	pinned	1	max_ns	20482.654951	112	1.0000	0	0		
rank	iso-ts	(set)	short-subject-search	plain	same program	pcrec_288d505_auto-caps-simdna_noedge	measured	pinned	1	stddev_ns	23.834617	112	1.0000	0	0		
rank	iso-ts	(set)	short-subject-search	plain	same program	pcrec_288d505_auto-caps-simdna_noedge	measured	pinned	1	ratio_vs_baseline	1.000000	112	1.0000	0	0		
rank	iso-ts	(set)	short-subject-search	plain	same program	pcrec_288d505_auto-caps-simdna_noedge	measured	pinned	1	ratio_vs_best	1.000000	112	1.0000	0	0		
rank	iso-ts	(set)	short-subject-search	plain	same program	pcrec_288d505_auto-caps-simdna	measured	pinned	2	median_ns	22319.911082	112	1.0000	0	0		
rank	iso-ts	(set)	short-subject-search	plain	same program	pcrec_288d505_auto-caps-simdna	measured	pinned	2	min_ns	22237.347573	112	1.0000	0	0		
rank	iso-ts	(set)	short-subject-search	plain	same program	pcrec_288d505_auto-caps-simdna	measured	pinned	2	max_ns	22368.932866	112	1.0000	0	0		
rank	iso-ts	(set)	short-subject-search	plain	same program	pcrec_288d505_auto-caps-simdna	measured	pinned	2	stddev_ns	48.921598	112	1.0000	0	0		
rank	iso-ts	(set)	short-subject-search	plain	same program	pcrec_288d505_auto-caps-simdna	measured	pinned	2	ratio_vs_baseline	1.092082	112	1.0000	0	0		
rank	iso-ts	(set)	short-subject-search	plain	same program	pcrec_288d505_auto-caps-simdna	measured	pinned	2	ratio_vs_best	1.092082	112	1.0000	0	0		
rank	kv-quoted	(set)	large-subject-throughput	plain	same program	pcrec_288d505_auto-caps-simdna_noedge	measured	pinned	1	median_ns	14435127.413793	12	1.0000	0	0		
rank	kv-quoted	(set)	large-subject-throughput	plain	same program	pcrec_288d505_auto-caps-simdna_noedge	measured	pinned	1	min_ns	14326271.396552	12	1.0000	0	0		
rank	kv-quoted	(set)	large-subject-throughput	plain	same program	pcrec_288d505_auto-caps-simdna_noedge	measured	pinned	1	max_ns	14679329.982759	12	1.0000	0	0		
rank	kv-quoted	(set)	large-subject-throughput	plain	same program	pcrec_288d505_auto-caps-simdna_noedge	measured	pinned	1	stddev_ns	140720.817573	12	1.0000	0	0		
rank	kv-quoted	(set)	large-subject-throughput	plain	same program	pcrec_288d505_auto-caps-simdna_noedge	measured	pinned	1	ratio_vs_baseline	1.000000	12	1.0000	0	0		
rank	kv-quoted	(set)	large-subject-throughput	plain	same program	pcrec_288d505_auto-caps-simdna_noedge	measured	pinned	1	ratio_vs_best	1.000000	12	1.0000	0	0		
rank	kv-quoted	(set)	large-subject-throughput	plain	same program	pcrec_288d505_auto-caps-simdna	measured	pinned	2	median_ns	14671868.000000	12	1.0000	0	0		
rank	kv-quoted	(set)	large-subject-throughput	plain	same program	pcrec_288d505_auto-caps-simdna	measured	pinned	2	min_ns	14515864.655172	12	1.0000	0	0		
rank	kv-quoted	(set)	large-subject-throughput	plain	same program	pcrec_288d505_auto-caps-simdna	measured	pinned	2	max_ns	14685697.068966	12	1.0000	0	0		
rank	kv-quoted	(set)	large-subject-throughput	plain	same program	pcrec_288d505_auto-caps-simdna	measured	pinned	2	stddev_ns	64518.435042	12	1.0000	0	0		
rank	kv-quoted	(set)	large-subject-throughput	plain	same program	pcrec_288d505_auto-caps-simdna	measured	pinned	2	ratio_vs_baseline	1.016400	12	1.0000	0	0		
rank	kv-quoted	(set)	large-subject-throughput	plain	same program	pcrec_288d505_auto-caps-simdna	measured	pinned	2	ratio_vs_best	1.016400	12	1.0000	0	0		
rank	kv-quoted	(set)	short-subject-search	plain	same program	pcrec_288d505_auto-caps-simdna	measured	pinned	1	median_ns	510791.447856	112	1.0000	0	0		
rank	kv-quoted	(set)	short-subject-search	plain	same program	pcrec_288d505_auto-caps-simdna	measured	pinned	1	min_ns	496835.598796	112	1.0000	0	0		
rank	kv-quoted	(set)	short-subject-search	plain	same program	pcrec_288d505_auto-caps-simdna	measured	pinned	1	max_ns	513522.604023	112	1.0000	0	0		
rank	kv-quoted	(set)	short-subject-search	plain	same program	pcrec_288d505_auto-caps-simdna	measured	pinned	1	stddev_ns	7153.903293	112	1.0000	0	0		
rank	kv-quoted	(set)	short-subject-search	plain	same program	pcrec_288d505_auto-caps-simdna	measured	pinned	1	ratio_vs_baseline	1.000000	112	1.0000	0	0		
rank	kv-quoted	(set)	short-subject-search	plain	same program	pcrec_288d505_auto-caps-simdna	measured	pinned	1	ratio_vs_best	1.000000	112	1.0000	0	0		
rank	kv-quoted	(set)	short-subject-search	plain	same program	pcrec_288d505_auto-caps-simdna_noedge	measured	pinned	2	median_ns	512360.201779	112	1.0000	0	0		
rank	kv-quoted	(set)	short-subject-search	plain	same program	pcrec_288d505_auto-caps-simdna_noedge	measured	pinned	2	min_ns	501075.416533	112	1.0000	0	0		
rank	kv-quoted	(set)	short-subject-search	plain	same program	pcrec_288d505_auto-caps-simdna_noedge	measured	pinned	2	max_ns	513276.339754	112	1.0000	0	0		
rank	kv-quoted	(set)	short-subject-search	plain	same program	pcrec_288d505_auto-caps-simdna_noedge	measured	pinned	2	stddev_ns	4723.376577	112	1.0000	0	0		
rank	kv-quoted	(set)	short-subject-search	plain	same program	pcrec_288d505_auto-caps-simdna_noedge	measured	pinned	2	ratio_vs_baseline	1.003071	112	1.0000	0	0		
rank	kv-quoted	(set)	short-subject-search	plain	same program	pcrec_288d505_auto-caps-simdna_noedge	measured	pinned	2	ratio_vs_best	1.003071	112	1.0000	0	0		
rank	level-context	(set)	large-subject-throughput	plain	same program	pcrec_288d505_auto-caps-simdna	measured	pinned	1	median_ns	11053013.455696	12	1.0000	0	0		
rank	level-context	(set)	large-subject-throughput	plain	same program	pcrec_288d505_auto-caps-simdna	measured	pinned	1	min_ns	11049333.303797	12	1.0000	0	0		
rank	level-context	(set)	large-subject-throughput	plain	same program	pcrec_288d505_auto-caps-simdna	measured	pinned	1	max_ns	11083000.974684	12	1.0000	0	0		
rank	level-context	(set)	large-subject-throughput	plain	same program	pcrec_288d505_auto-caps-simdna	measured	pinned	1	stddev_ns	12575.556831	12	1.0000	0	0		
rank	level-context	(set)	large-subject-throughput	plain	same program	pcrec_288d505_auto-caps-simdna	measured	pinned	1	ratio_vs_baseline	1.000000	12	1.0000	0	0		
rank	level-context	(set)	large-subject-throughput	plain	same program	pcrec_288d505_auto-caps-simdna	measured	pinned	1	ratio_vs_best	1.000000	12	1.0000	0	0		
rank	level-context	(set)	large-subject-throughput	plain	same program	pcrec_288d505_auto-caps-simdna_noedge	measured	pinned	2	median_ns	11065958.886076	12	1.0000	0	0		
rank	level-context	(set)	large-subject-throughput	plain	same program	pcrec_288d505_auto-caps-simdna_noedge	measured	pinned	2	min_ns	11049700.822785	12	1.0000	0	0		
rank	level-context	(set)	large-subject-throughput	plain	same program	pcrec_288d505_auto-caps-simdna_noedge	measured	pinned	2	max_ns	11082801.772152	12	1.0000	0	0		
rank	level-context	(set)	large-subject-throughput	plain	same program	pcrec_288d505_auto-caps-simdna_noedge	measured	pinned	2	stddev_ns	11345.016650	12	1.0000	0	0		
rank	level-context	(set)	large-subject-throughput	plain	same program	pcrec_288d505_auto-caps-simdna_noedge	measured	pinned	2	ratio_vs_baseline	1.001171	12	1.0000	0	0		
rank	level-context	(set)	large-subject-throughput	plain	same program	pcrec_288d505_auto-caps-simdna_noedge	measured	pinned	2	ratio_vs_best	1.001171	12	1.0000	0	0		
rank	level-context	(set)	short-subject-search	plain	same program	pcrec_288d505_auto-caps-simdna	measured	pinned	1	median_ns	334160.030714	112	1.0000	0	0		
rank	level-context	(set)	short-subject-search	plain	same program	pcrec_288d505_auto-caps-simdna	measured	pinned	1	min_ns	333974.663295	112	1.0000	0	0		
rank	level-context	(set)	short-subject-search	plain	same program	pcrec_288d505_auto-caps-simdna	measured	pinned	1	max_ns	334358.756747	112	1.0000	0	0		
rank	level-context	(set)	short-subject-search	plain	same program	pcrec_288d505_auto-caps-simdna	measured	pinned	1	stddev_ns	142.903117	112	1.0000	0	0		
rank	level-context	(set)	short-subject-search	plain	same program	pcrec_288d505_auto-caps-simdna	measured	pinned	1	ratio_vs_baseline	1.000000	112	1.0000	0	0		
rank	level-context	(set)	short-subject-search	plain	same program	pcrec_288d505_auto-caps-simdna	measured	pinned	1	ratio_vs_best	1.000000	112	1.0000	0	0		
rank	level-context	(set)	short-subject-search	plain	same program	pcrec_288d505_auto-caps-simdna_noedge	measured	pinned	2	median_ns	334796.597186	112	1.0000	0	0		
rank	level-context	(set)	short-subject-search	plain	same program	pcrec_288d505_auto-caps-simdna_noedge	measured	pinned	2	min_ns	334365.116989	112	1.0000	0	0		
rank	level-context	(set)	short-subject-search	plain	same program	pcrec_288d505_auto-caps-simdna_noedge	measured	pinned	2	max_ns	335237.212589	112	1.0000	0	0		
rank	level-context	(set)	short-subject-search	plain	same program	pcrec_288d505_auto-caps-simdna_noedge	measured	pinned	2	stddev_ns	288.118425	112	1.0000	0	0		
rank	level-context	(set)	short-subject-search	plain	same program	pcrec_288d505_auto-caps-simdna_noedge	measured	pinned	2	ratio_vs_baseline	1.001905	112	1.0000	0	0		
rank	level-context	(set)	short-subject-search	plain	same program	pcrec_288d505_auto-caps-simdna_noedge	measured	pinned	2	ratio_vs_best	1.001905	112	1.0000	0	0		
rank	stack-frame	(set)	large-subject-throughput	plain	same program	pcrec_288d505_auto-caps-simdna_noedge	measured	pinned	1	median_ns	1844477.674468	12	1.0000	0	0		
rank	stack-frame	(set)	large-subject-throughput	plain	same program	pcrec_288d505_auto-caps-simdna_noedge	measured	pinned	1	min_ns	1841369.334043	12	1.0000	0	0		
rank	stack-frame	(set)	large-subject-throughput	plain	same program	pcrec_288d505_auto-caps-simdna_noedge	measured	pinned	1	max_ns	1846307.940426	12	1.0000	0	0		
rank	stack-frame	(set)	large-subject-throughput	plain	same program	pcrec_288d505_auto-caps-simdna_noedge	measured	pinned	1	stddev_ns	1698.501370	12	1.0000	0	0		
rank	stack-frame	(set)	large-subject-throughput	plain	same program	pcrec_288d505_auto-caps-simdna_noedge	measured	pinned	1	ratio_vs_baseline	1.000000	12	1.0000	0	0		
rank	stack-frame	(set)	large-subject-throughput	plain	same program	pcrec_288d505_auto-caps-simdna_noedge	measured	pinned	1	ratio_vs_best	1.000000	12	1.0000	0	0		
rank	stack-frame	(set)	large-subject-throughput	plain	same program	pcrec_288d505_auto-caps-simdna	measured	pinned	2	median_ns	1846888.583864	12	1.0000	0	0		
rank	stack-frame	(set)	large-subject-throughput	plain	same program	pcrec_288d505_auto-caps-simdna	measured	pinned	2	min_ns	1842844.522293	12	1.0000	0	0		
rank	stack-frame	(set)	large-subject-throughput	plain	same program	pcrec_288d505_auto-caps-simdna	measured	pinned	2	max_ns	2494155.802548	12	1.0000	0	0		
rank	stack-frame	(set)	large-subject-throughput	plain	same program	pcrec_288d505_auto-caps-simdna	measured	pinned	2	stddev_ns	259493.615367	12	1.0000	0	0		
rank	stack-frame	(set)	large-subject-throughput	plain	same program	pcrec_288d505_auto-caps-simdna	measured	pinned	2	ratio_vs_baseline	1.001307	12	1.0000	0	0		
rank	stack-frame	(set)	large-subject-throughput	plain	same program	pcrec_288d505_auto-caps-simdna	measured	pinned	2	ratio_vs_best	1.001307	12	1.0000	0	0		
rank	stack-frame	(set)	short-subject-search	plain	same program	pcrec_288d505_auto-caps-simdna	measured	pinned	1	median_ns	31752.457304	112	1.0000	0	0		
rank	stack-frame	(set)	short-subject-search	plain	same program	pcrec_288d505_auto-caps-simdna	measured	pinned	1	min_ns	31701.181447	112	1.0000	0	0		
rank	stack-frame	(set)	short-subject-search	plain	same program	pcrec_288d505_auto-caps-simdna	measured	pinned	1	max_ns	32443.110463	112	1.0000	0	0		
rank	stack-frame	(set)	short-subject-search	plain	same program	pcrec_288d505_auto-caps-simdna	measured	pinned	1	stddev_ns	277.612473	112	1.0000	0	0		
rank	stack-frame	(set)	short-subject-search	plain	same program	pcrec_288d505_auto-caps-simdna	measured	pinned	1	ratio_vs_baseline	1.000000	112	1.0000	0	0		
rank	stack-frame	(set)	short-subject-search	plain	same program	pcrec_288d505_auto-caps-simdna	measured	pinned	1	ratio_vs_best	1.000000	112	1.0000	0	0		
rank	stack-frame	(set)	short-subject-search	plain	same program	pcrec_288d505_auto-caps-simdna_noedge	measured	pinned	2	median_ns	31781.776603	112	1.0000	0	0		
rank	stack-frame	(set)	short-subject-search	plain	same program	pcrec_288d505_auto-caps-simdna_noedge	measured	pinned	2	min_ns	31728.989415	112	1.0000	0	0		
rank	stack-frame	(set)	short-subject-search	plain	same program	pcrec_288d505_auto-caps-simdna_noedge	measured	pinned	2	max_ns	31833.558502	112	1.0000	0	0		
rank	stack-frame	(set)	short-subject-search	plain	same program	pcrec_288d505_auto-caps-simdna_noedge	measured	pinned	2	stddev_ns	37.966975	112	1.0000	0	0		
rank	stack-frame	(set)	short-subject-search	plain	same program	pcrec_288d505_auto-caps-simdna_noedge	measured	pinned	2	ratio_vs_baseline	1.000923	112	1.0000	0	0		
rank	stack-frame	(set)	short-subject-search	plain	same program	pcrec_288d505_auto-caps-simdna_noedge	measured	pinned	2	ratio_vs_best	1.000923	112	1.0000	0	0		
rank	uuid	(set)	large-subject-throughput	plain	same program	pcrec_288d505_auto-caps-simdna	measured	pinned	1	median_ns	1077059.146341	12	1.0000	0	0		
rank	uuid	(set)	large-subject-throughput	plain	same program	pcrec_288d505_auto-caps-simdna	measured	pinned	1	min_ns	1074949.119734	12	1.0000	0	0		
rank	uuid	(set)	large-subject-throughput	plain	same program	pcrec_288d505_auto-caps-simdna	measured	pinned	1	max_ns	1082933.978936	12	1.0000	0	0		
rank	uuid	(set)	large-subject-throughput	plain	same program	pcrec_288d505_auto-caps-simdna	measured	pinned	1	stddev_ns	2676.498994	12	1.0000	0	0		
rank	uuid	(set)	large-subject-throughput	plain	same program	pcrec_288d505_auto-caps-simdna	measured	pinned	1	ratio_vs_baseline	1.000000	12	1.0000	0	0		
rank	uuid	(set)	large-subject-throughput	plain	same program	pcrec_288d505_auto-caps-simdna	measured	pinned	1	ratio_vs_best	1.000000	12	1.0000	0	0		
rank	uuid	(set)	large-subject-throughput	plain	same program	pcrec_288d505_auto-caps-simdna_noedge	measured	pinned	2	median_ns	1078668.332960	12	1.0000	0	0		
rank	uuid	(set)	large-subject-throughput	plain	same program	pcrec_288d505_auto-caps-simdna_noedge	measured	pinned	2	min_ns	1077499.403587	12	1.0000	0	0		
rank	uuid	(set)	large-subject-throughput	plain	same program	pcrec_288d505_auto-caps-simdna_noedge	measured	pinned	2	max_ns	1080278.501121	12	1.0000	0	0		
rank	uuid	(set)	large-subject-throughput	plain	same program	pcrec_288d505_auto-caps-simdna_noedge	measured	pinned	2	stddev_ns	929.103843	12	1.0000	0	0		
rank	uuid	(set)	large-subject-throughput	plain	same program	pcrec_288d505_auto-caps-simdna_noedge	measured	pinned	2	ratio_vs_baseline	1.001494	12	1.0000	0	0		
rank	uuid	(set)	large-subject-throughput	plain	same program	pcrec_288d505_auto-caps-simdna_noedge	measured	pinned	2	ratio_vs_best	1.001494	12	1.0000	0	0		
rank	uuid	(set)	short-subject-search	plain	same program	pcrec_288d505_auto-caps-simdna	measured	pinned	1	median_ns	21185.008681	112	1.0000	0	0		
rank	uuid	(set)	short-subject-search	plain	same program	pcrec_288d505_auto-caps-simdna	measured	pinned	1	min_ns	21158.437083	112	1.0000	0	0		
rank	uuid	(set)	short-subject-search	plain	same program	pcrec_288d505_auto-caps-simdna	measured	pinned	1	max_ns	21255.082395	112	1.0000	0	0		
rank	uuid	(set)	short-subject-search	plain	same program	pcrec_288d505_auto-caps-simdna	measured	pinned	1	stddev_ns	33.902025	112	1.0000	0	0		
rank	uuid	(set)	short-subject-search	plain	same program	pcrec_288d505_auto-caps-simdna	measured	pinned	1	ratio_vs_baseline	1.000000	112	1.0000	0	0		
rank	uuid	(set)	short-subject-search	plain	same program	pcrec_288d505_auto-caps-simdna	measured	pinned	1	ratio_vs_best	1.000000	112	1.0000	0	0		
rank	uuid	(set)	short-subject-search	plain	same program	pcrec_288d505_auto-caps-simdna_noedge	measured	pinned	2	median_ns	21211.854313	112	1.0000	0	0		
rank	uuid	(set)	short-subject-search	plain	same program	pcrec_288d505_auto-caps-simdna_noedge	measured	pinned	2	min_ns	21170.434250	112	1.0000	0	0		
rank	uuid	(set)	short-subject-search	plain	same program	pcrec_288d505_auto-caps-simdna_noedge	measured	pinned	2	max_ns	21282.488614	112	1.0000	0	0		
rank	uuid	(set)	short-subject-search	plain	same program	pcrec_288d505_auto-caps-simdna_noedge	measured	pinned	2	stddev_ns	38.956111	112	1.0000	0	0		
rank	uuid	(set)	short-subject-search	plain	same program	pcrec_288d505_auto-caps-simdna_noedge	measured	pinned	2	ratio_vs_baseline	1.001267	112	1.0000	0	0		
rank	uuid	(set)	short-subject-search	plain	same program	pcrec_288d505_auto-caps-simdna_noedge	measured	pinned	2	ratio_vs_best	1.001267	112	1.0000	0	0		
compile	bignum			plain	same program	pcrec_288d505_auto-caps-simdna				median_total_ns	145423696.000000	5					
compile	bignum			plain	same program	pcrec_288d505_auto-caps-simdna				jitter	0.034						
compile	bignum			plain	same program	pcrec_288d505_auto-caps-simdna				artifact_bytes	27536						
compile	bignum			plain	same program	pcrec_288d505_auto-caps-simdna				emit_bytes	24009						
compile	bignum			plain	same program	pcrec_288d505_auto-caps-simdna				emit_code_bytes	14758						
compile_stamp						pcrec_288d505_auto-caps-simdna				engine	dfa						
compile_stamp						pcrec_288d505_auto-caps-simdna				entry	plain entry						
compile_stamp						pcrec_288d505_auto-caps-simdna				prefilter	-						
compile_stamp						pcrec_288d505_auto-caps-simdna				vm_rungs	-						
compile_stamp						pcrec_288d505_auto-caps-simdna				buffers	0 (DFA)						
compile_stamp						pcrec_288d505_auto-caps-simdna				frame	0 (DFA)						
compile_stamp						pcrec_288d505_auto-caps-simdna				dfa_prefilter_offsets	none						
compile_stamp						pcrec_288d505_auto-caps-simdna				dfa_match	unwrapped						
compile_stamp						pcrec_288d505_auto-caps-simdna				dfa_scan_edge	none						
compile_stamp						pcrec_288d505_auto-caps-simdna				scan_edges	0						
compile_stamp						pcrec_288d505_auto-caps-simdna				scan_edges_match	0						
compile_stamp						pcrec_288d505_auto-caps-simdna				engine_sel	selected						
compile	bignum			whole-subject	separate artifact	pcrec_288d505_auto-caps-simdna				median_total_ns	160386830.000000	5					
compile	bignum			whole-subject	separate artifact	pcrec_288d505_auto-caps-simdna				jitter	0.033						
compile	bignum			whole-subject	separate artifact	pcrec_288d505_auto-caps-simdna				artifact_bytes	27680						
compile	bignum			whole-subject	separate artifact	pcrec_288d505_auto-caps-simdna				emit_bytes	27556						
compile	bignum			whole-subject	separate artifact	pcrec_288d505_auto-caps-simdna				emit_code_bytes	16729						
compile	floor			plain	same program	pcrec_288d505_auto-caps-simdna				median_total_ns	144981035.000000	5					
compile	floor			plain	same program	pcrec_288d505_auto-caps-simdna				jitter	0.017						
compile	floor			plain	same program	pcrec_288d505_auto-caps-simdna				artifact_bytes	27216						
compile	floor			plain	same program	pcrec_288d505_auto-caps-simdna				emit_bytes	18075						
compile	floor			plain	same program	pcrec_288d505_auto-caps-simdna				emit_code_bytes	13078						
compile	floor			whole-subject	separate artifact	pcrec_288d505_auto-caps-simdna				median_total_ns	154496214.000000	5					
compile	floor			whole-subject	separate artifact	pcrec_288d505_auto-caps-simdna				jitter	0.050						
compile	floor			whole-subject	separate artifact	pcrec_288d505_auto-caps-simdna				artifact_bytes	27352						
compile	floor			whole-subject	separate artifact	pcrec_288d505_auto-caps-simdna				emit_bytes	20418						
compile	floor			whole-subject	separate artifact	pcrec_288d505_auto-caps-simdna				emit_code_bytes	15095						
compile	hex32-id			plain	same program	pcrec_288d505_auto-caps-simdna				median_total_ns	149905336.000000	5					
compile	hex32-id			plain	same program	pcrec_288d505_auto-caps-simdna				jitter	0.026						
compile	hex32-id			plain	same program	pcrec_288d505_auto-caps-simdna				artifact_bytes	27536						
compile	hex32-id			plain	same program	pcrec_288d505_auto-caps-simdna				emit_bytes	25498						
compile	hex32-id			plain	same program	pcrec_288d505_auto-caps-simdna				emit_code_bytes	14758						
compile	hex32-id			whole-subject	separate artifact	pcrec_288d505_auto-caps-simdna				median_total_ns	158219087.000000	5					
compile	hex32-id			whole-subject	separate artifact	pcrec_288d505_auto-caps-simdna				jitter	0.036						
compile	hex32-id			whole-subject	separate artifact	pcrec_288d505_auto-caps-simdna				artifact_bytes	27680						
compile	hex32-id			whole-subject	separate artifact	pcrec_288d505_auto-caps-simdna				emit_bytes	28577						
compile	hex32-id			whole-subject	separate artifact	pcrec_288d505_auto-caps-simdna				emit_code_bytes	16729						
compile	http-5xx			plain	same program	pcrec_288d505_auto-caps-simdna				median_total_ns	169009064.000000	5					
compile	http-5xx			plain	same program	pcrec_288d505_auto-caps-simdna				jitter	0.024						
compile	http-5xx			plain	same program	pcrec_288d505_auto-caps-simdna				artifact_bytes	35712						
compile	http-5xx			plain	same program	pcrec_288d505_auto-caps-simdna				emit_bytes	51785						
compile	http-5xx			plain	same program	pcrec_288d505_auto-caps-simdna				emit_code_bytes	15666						
compile	http-5xx			whole-subject	separate artifact	pcrec_288d505_auto-caps-simdna				median_total_ns	184588350.000000	5					
compile	http-5xx			whole-subject	separate artifact	pcrec_288d505_auto-caps-simdna				jitter	0.035						
compile	http-5xx			whole-subject	separate artifact	pcrec_288d505_auto-caps-simdna				artifact_bytes	35856						
compile	http-5xx			whole-subject	separate artifact	pcrec_288d505_auto-caps-simdna				emit_bytes	55559						
compile	http-5xx			whole-subject	separate artifact	pcrec_288d505_auto-caps-simdna				emit_code_bytes	17631						
compile	ipv4			plain	same program	pcrec_288d505_auto-caps-simdna				median_total_ns	146180952.000000	5					
compile	ipv4			plain	same program	pcrec_288d505_auto-caps-simdna				jitter	0.063						
compile	ipv4			plain	same program	pcrec_288d505_auto-caps-simdna				artifact_bytes	27208						
compile	ipv4			plain	same program	pcrec_288d505_auto-caps-simdna				emit_bytes	24728						
compile	ipv4			plain	same program	pcrec_288d505_auto-caps-simdna				emit_code_bytes	13110						
compile	ipv4			whole-subject	separate artifact	pcrec_288d505_auto-caps-simdna				median_total_ns	149990755.000000	5					
compile	ipv4			whole-subject	separate artifact	pcrec_288d505_auto-caps-simdna				jitter	0.035						
compile	ipv4			whole-subject	separate artifact	pcrec_288d505_auto-caps-simdna				artifact_bytes	27352						
compile	ipv4			whole-subject	separate artifact	pcrec_288d505_auto-caps-simdna				emit_bytes	28550						
compile	ipv4			whole-subject	separate artifact	pcrec_288d505_auto-caps-simdna				emit_code_bytes	15022						
compile	ipv6			plain	same program	pcrec_288d505_auto-caps-simdna				median_total_ns	155373479.000000	5					
compile	ipv6			plain	same program	pcrec_288d505_auto-caps-simdna				jitter	0.038						
compile	ipv6			plain	same program	pcrec_288d505_auto-caps-simdna				artifact_bytes	27256						
compile	ipv6			plain	same program	pcrec_288d505_auto-caps-simdna				emit_bytes	25332						
compile	ipv6			plain	same program	pcrec_288d505_auto-caps-simdna				emit_code_bytes	13789						
compile	ipv6			whole-subject	separate artifact	pcrec_288d505_auto-caps-simdna				median_total_ns	165524461.000000	5					
compile	ipv6			whole-subject	separate artifact	pcrec_288d505_auto-caps-simdna				jitter	0.036						
compile	ipv6			whole-subject	separate artifact	pcrec_288d505_auto-caps-simdna				artifact_bytes	27392						
compile	ipv6			whole-subject	separate artifact	pcrec_288d505_auto-caps-simdna				emit_bytes	30827						
compile	ipv6			whole-subject	separate artifact	pcrec_288d505_auto-caps-simdna				emit_code_bytes	15701						
compile	iso-ts			plain	same program	pcrec_288d505_auto-caps-simdna				median_total_ns	206702888.000000	5					
compile	iso-ts			plain	same program	pcrec_288d505_auto-caps-simdna				jitter	0.021						
compile	iso-ts			plain	same program	pcrec_288d505_auto-caps-simdna				artifact_bytes	27248						
compile	iso-ts			plain	same program	pcrec_288d505_auto-caps-simdna				emit_bytes	32717						
compile	iso-ts			plain	same program	pcrec_288d505_auto-caps-simdna				emit_code_bytes	19674						
compile	iso-ts			whole-subject	separate artifact	pcrec_288d505_auto-caps-simdna				median_total_ns	218260678.000000	5					
compile	iso-ts			whole-subject	separate artifact	pcrec_288d505_auto-caps-simdna				jitter	0.019						
compile	iso-ts			whole-subject	separate artifact	pcrec_288d505_auto-caps-simdna				artifact_bytes	31488						
compile	iso-ts			whole-subject	separate artifact	pcrec_288d505_auto-caps-simdna				emit_bytes	38444						
compile	iso-ts			whole-subject	separate artifact	pcrec_288d505_auto-caps-simdna				emit_code_bytes	21766						
compile	kv-quoted			plain	same program	pcrec_288d505_auto-caps-simdna				median_total_ns	157086779.000000	5					
compile	kv-quoted			plain	same program	pcrec_288d505_auto-caps-simdna				jitter	0.033						
compile	kv-quoted			plain	same program	pcrec_288d505_auto-caps-simdna				artifact_bytes	31592						
compile	kv-quoted			plain	same program	pcrec_288d505_auto-caps-simdna				emit_bytes	38490						
compile	kv-quoted			plain	same program	pcrec_288d505_auto-caps-simdna				emit_code_bytes	14387						
compile	kv-quoted			whole-subject	separate artifact	pcrec_288d505_auto-caps-simdna				median_total_ns	166540598.000000	5					
compile	kv-quoted			whole-subject	separate artifact	pcrec_288d505_auto-caps-simdna				jitter	0.026						
compile	kv-quoted			whole-subject	separate artifact	pcrec_288d505_auto-caps-simdna				artifact_bytes	31696						
compile	kv-quoted			whole-subject	separate artifact	pcrec_288d505_auto-caps-simdna				emit_bytes	42994						
compile	kv-quoted			whole-subject	separate artifact	pcrec_288d505_auto-caps-simdna				emit_code_bytes	16182						
compile	level-context			plain	same program	pcrec_288d505_auto-caps-simdna				median_total_ns	781879568.000000	5					
compile	level-context			plain	same program	pcrec_288d505_auto-caps-simdna				jitter	0.009						
compile	level-context			plain	same program	pcrec_288d505_auto-caps-simdna				artifact_bytes	39848						
compile	level-context			plain	same program	pcrec_288d505_auto-caps-simdna				emit_bytes	76182						
compile	level-context			plain	same program	pcrec_288d505_auto-caps-simdna				emit_code_bytes	34353						
compile	level-context			whole-subject	separate artifact	pcrec_288d505_auto-caps-simdna				median_total_ns	995191735.000000	5					
compile	level-context			whole-subject	separate artifact	pcrec_288d505_auto-caps-simdna				jitter	0.005						
compile	level-context			whole-subject	separate artifact	pcrec_288d505_auto-caps-simdna				artifact_bytes	39944						
compile	level-context			whole-subject	separate artifact	pcrec_288d505_auto-caps-simdna				emit_bytes	79205						
compile	level-context			whole-subject	separate artifact	pcrec_288d505_auto-caps-simdna				emit_code_bytes	35774						
compile	stack-frame			plain	same program	pcrec_288d505_auto-caps-simdna				median_total_ns	166773871.000000	5					
compile	stack-frame			plain	same program	pcrec_288d505_auto-caps-simdna				jitter	0.034						
compile	stack-frame			plain	same program	pcrec_288d505_auto-caps-simdna				artifact_bytes	39656						
compile	stack-frame			plain	same program	pcrec_288d505_auto-caps-simdna				emit_bytes	64727						
compile	stack-frame			plain	same program	pcrec_288d505_auto-caps-simdna				emit_code_bytes	14767						
compile	stack-frame			whole-subject	separate artifact	pcrec_288d505_auto-caps-simdna				median_total_ns	183210922.000000	5					
compile	stack-frame			whole-subject	separate artifact	pcrec_288d505_auto-caps-simdna				jitter	0.014						
compile	stack-frame			whole-subject	separate artifact	pcrec_288d505_auto-caps-simdna				artifact_bytes	39800						
compile	stack-frame			whole-subject	separate artifact	pcrec_288d505_auto-caps-simdna				emit_bytes	69021						
compile	stack-frame			whole-subject	separate artifact	pcrec_288d505_auto-caps-simdna				emit_code_bytes	16732						
compile	uuid			plain	same program	pcrec_288d505_auto-caps-simdna				median_total_ns	162623055.000000	5					
compile	uuid			plain	same program	pcrec_288d505_auto-caps-simdna				jitter	0.027						
compile	uuid			plain	same program	pcrec_288d505_auto-caps-simdna				artifact_bytes	27576						
compile	uuid			plain	same program	pcrec_288d505_auto-caps-simdna				emit_bytes	31364						
compile	uuid			plain	same program	pcrec_288d505_auto-caps-simdna				emit_code_bytes	15749						
compile	uuid			whole-subject	separate artifact	pcrec_288d505_auto-caps-simdna				median_total_ns	172276984.000000	5					
compile	uuid			whole-subject	separate artifact	pcrec_288d505_auto-caps-simdna				jitter	0.027						
compile	uuid			whole-subject	separate artifact	pcrec_288d505_auto-caps-simdna				artifact_bytes	27720						
compile	uuid			whole-subject	separate artifact	pcrec_288d505_auto-caps-simdna				emit_bytes	34637						
compile	uuid			whole-subject	separate artifact	pcrec_288d505_auto-caps-simdna				emit_code_bytes	17720						
compile	bignum			plain	same program	pcrec_288d505_auto-caps-simdna_noedge				median_total_ns	144662698.000000	5					
compile	bignum			plain	same program	pcrec_288d505_auto-caps-simdna_noedge				jitter	0.040						
compile	bignum			plain	same program	pcrec_288d505_auto-caps-simdna_noedge				artifact_bytes	27536						
compile	bignum			plain	same program	pcrec_288d505_auto-caps-simdna_noedge				emit_bytes	24015						
compile	bignum			plain	same program	pcrec_288d505_auto-caps-simdna_noedge				emit_code_bytes	14764						
compile_stamp						pcrec_288d505_auto-caps-simdna_noedge				engine	dfa						
compile_stamp						pcrec_288d505_auto-caps-simdna_noedge				entry	plain entry						
compile_stamp						pcrec_288d505_auto-caps-simdna_noedge				prefilter	-						
compile_stamp						pcrec_288d505_auto-caps-simdna_noedge				vm_rungs	-						
compile_stamp						pcrec_288d505_auto-caps-simdna_noedge				buffers	0 (DFA)						
compile_stamp						pcrec_288d505_auto-caps-simdna_noedge				frame	0 (DFA)						
compile_stamp						pcrec_288d505_auto-caps-simdna_noedge				dfa_prefilter_offsets	none						
compile_stamp						pcrec_288d505_auto-caps-simdna_noedge				dfa_match	unwrapped						
compile_stamp						pcrec_288d505_auto-caps-simdna_noedge				dfa_scan_edge	none						
compile_stamp						pcrec_288d505_auto-caps-simdna_noedge				scan_edges	0						
compile_stamp						pcrec_288d505_auto-caps-simdna_noedge				scan_edges_match	0						
compile_stamp						pcrec_288d505_auto-caps-simdna_noedge				engine_sel	selected						
compile	bignum			whole-subject	separate artifact	pcrec_288d505_auto-caps-simdna_noedge				median_total_ns	161363303.000000	5					
compile	bignum			whole-subject	separate artifact	pcrec_288d505_auto-caps-simdna_noedge				jitter	0.033						
compile	bignum			whole-subject	separate artifact	pcrec_288d505_auto-caps-simdna_noedge				artifact_bytes	27680						
compile	bignum			whole-subject	separate artifact	pcrec_288d505_auto-caps-simdna_noedge				emit_bytes	27562						
compile	bignum			whole-subject	separate artifact	pcrec_288d505_auto-caps-simdna_noedge				emit_code_bytes	16735						
compile	floor			plain	same program	pcrec_288d505_auto-caps-simdna_noedge				median_total_ns	139936417.000000	5					
compile	floor			plain	same program	pcrec_288d505_auto-caps-simdna_noedge				jitter	0.029						
compile	floor			plain	same program	pcrec_288d505_auto-caps-simdna_noedge				artifact_bytes	27216						
compile	floor			plain	same program	pcrec_288d505_auto-caps-simdna_noedge				emit_bytes	18081						
compile	floor			plain	same program	pcrec_288d505_auto-caps-simdna_noedge				emit_code_bytes	13084						
compile	floor			whole-subject	separate artifact	pcrec_288d505_auto-caps-simdna_noedge				median_total_ns	147890387.000000	5					
compile	floor			whole-subject	separate artifact	pcrec_288d505_auto-caps-simdna_noedge				jitter	0.034						
compile	floor			whole-subject	separate artifact	pcrec_288d505_auto-caps-simdna_noedge				artifact_bytes	27352						
compile	floor			whole-subject	separate artifact	pcrec_288d505_auto-caps-simdna_noedge				emit_bytes	20424						
compile	floor			whole-subject	separate artifact	pcrec_288d505_auto-caps-simdna_noedge				emit_code_bytes	15101						
compile	hex32-id			plain	same program	pcrec_288d505_auto-caps-simdna_noedge				median_total_ns	149886149.000000	5					
compile	hex32-id			plain	same program	pcrec_288d505_auto-caps-simdna_noedge				jitter	0.036						
compile	hex32-id			plain	same program	pcrec_288d505_auto-caps-simdna_noedge				artifact_bytes	27536						
compile	hex32-id			plain	same program	pcrec_288d505_auto-caps-simdna_noedge				emit_bytes	25504						
compile	hex32-id			plain	same program	pcrec_288d505_auto-caps-simdna_noedge				emit_code_bytes	14764						
compile	hex32-id			whole-subject	separate artifact	pcrec_288d505_auto-caps-simdna_noedge				median_total_ns	160506287.000000	5					
compile	hex32-id			whole-subject	separate artifact	pcrec_288d505_auto-caps-simdna_noedge				jitter	0.027						
compile	hex32-id			whole-subject	separate artifact	pcrec_288d505_auto-caps-simdna_noedge				artifact_bytes	27680						
compile	hex32-id			whole-subject	separate artifact	pcrec_288d505_auto-caps-simdna_noedge				emit_bytes	28583						
compile	hex32-id			whole-subject	separate artifact	pcrec_288d505_auto-caps-simdna_noedge				emit_code_bytes	16735						
compile	http-5xx			plain	same program	pcrec_288d505_auto-caps-simdna_noedge				median_total_ns	163002513.000000	5					
compile	http-5xx			plain	same program	pcrec_288d505_auto-caps-simdna_noedge				jitter	0.041						
compile	http-5xx			plain	same program	pcrec_288d505_auto-caps-simdna_noedge				artifact_bytes	35712						
compile	http-5xx			plain	same program	pcrec_288d505_auto-caps-simdna_noedge				emit_bytes	51396						
compile	http-5xx			plain	same program	pcrec_288d505_auto-caps-simdna_noedge				emit_code_bytes	14723						
compile	http-5xx			whole-subject	separate artifact	pcrec_288d505_auto-caps-simdna_noedge				median_total_ns	169606434.000000	5					
compile	http-5xx			whole-subject	separate artifact	pcrec_288d505_auto-caps-simdna_noedge				jitter	0.041						
compile	http-5xx			whole-subject	separate artifact	pcrec_288d505_auto-caps-simdna_noedge				artifact_bytes	35856						
compile	http-5xx			whole-subject	separate artifact	pcrec_288d505_auto-caps-simdna_noedge				emit_bytes	55192						
compile	http-5xx			whole-subject	separate artifact	pcrec_288d505_auto-caps-simdna_noedge				emit_code_bytes	16688						
compile	ipv4			plain	same program	pcrec_288d505_auto-caps-simdna_noedge				median_total_ns	143914540.000000	5					
compile	ipv4			plain	same program	pcrec_288d505_auto-caps-simdna_noedge				jitter	0.039						
compile	ipv4			plain	same program	pcrec_288d505_auto-caps-simdna_noedge				artifact_bytes	27208						
compile	ipv4			plain	same program	pcrec_288d505_auto-caps-simdna_noedge				emit_bytes	24734						
compile	ipv4			plain	same program	pcrec_288d505_auto-caps-simdna_noedge				emit_code_bytes	13116						
compile	ipv4			whole-subject	separate artifact	pcrec_288d505_auto-caps-simdna_noedge				median_total_ns	151723987.000000	5					
compile	ipv4			whole-subject	separate artifact	pcrec_288d505_auto-caps-simdna_noedge				jitter	0.040						
compile	ipv4			whole-subject	separate artifact	pcrec_288d505_auto-caps-simdna_noedge				artifact_bytes	27352						
compile	ipv4			whole-subject	separate artifact	pcrec_288d505_auto-caps-simdna_noedge				emit_bytes	28556						
compile	ipv4			whole-subject	separate artifact	pcrec_288d505_auto-caps-simdna_noedge				emit_code_bytes	15028						
compile	ipv6			plain	same program	pcrec_288d505_auto-caps-simdna_noedge				median_total_ns	135801008.000000	5					
compile	ipv6			plain	same program	pcrec_288d505_auto-caps-simdna_noedge				jitter	0.045						
compile	ipv6			plain	same program	pcrec_288d505_auto-caps-simdna_noedge				artifact_bytes	27208						
compile	ipv6			plain	same program	pcrec_288d505_auto-caps-simdna_noedge				emit_bytes	23211						
compile	ipv6			plain	same program	pcrec_288d505_auto-caps-simdna_noedge				emit_code_bytes	13087						
compile	ipv6			whole-subject	separate artifact	pcrec_288d505_auto-caps-simdna_noedge				median_total_ns	153269796.000000	5					
compile	ipv6			whole-subject	separate artifact	pcrec_288d505_auto-caps-simdna_noedge				jitter	0.024						
compile	ipv6			whole-subject	separate artifact	pcrec_288d505_auto-caps-simdna_noedge				artifact_bytes	27352						
compile	ipv6			whole-subject	separate artifact	pcrec_288d505_auto-caps-simdna_noedge				emit_bytes	28720						
compile	ipv6			whole-subject	separate artifact	pcrec_288d505_auto-caps-simdna_noedge				emit_code_bytes	14999						
compile	iso-ts			plain	same program	pcrec_288d505_auto-caps-simdna_noedge				median_total_ns	142692061.000000	5					
compile	iso-ts			plain	same program	pcrec_288d505_auto-caps-simdna_noedge				jitter	0.048						
compile	iso-ts			plain	same program	pcrec_288d505_auto-caps-simdna_noedge				artifact_bytes	27248						
compile	iso-ts			plain	same program	pcrec_288d505_auto-caps-simdna_noedge				emit_bytes	27898						
compile	iso-ts			plain	same program	pcrec_288d505_auto-caps-simdna_noedge				emit_code_bytes	13555						
compile	iso-ts			whole-subject	separate artifact	pcrec_288d505_auto-caps-simdna_noedge				median_total_ns	151554897.000000	5					
compile	iso-ts			whole-subject	separate artifact	pcrec_288d505_auto-caps-simdna_noedge				jitter	0.028						
compile	iso-ts			whole-subject	separate artifact	pcrec_288d505_auto-caps-simdna_noedge				artifact_bytes	27392						
compile	iso-ts			whole-subject	separate artifact	pcrec_288d505_auto-caps-simdna_noedge				emit_bytes	33672						
compile	iso-ts			whole-subject	separate artifact	pcrec_288d505_auto-caps-simdna_noedge				emit_code_bytes	15644						
compile	kv-quoted			plain	same program	pcrec_288d505_auto-caps-simdna_noedge				median_total_ns	150698651.000000	5					
compile	kv-quoted			plain	same program	pcrec_288d505_auto-caps-simdna_noedge				jitter	0.032						
compile	kv-quoted			plain	same program	pcrec_288d505_auto-caps-simdna_noedge				artifact_bytes	31592						
compile	kv-quoted			plain	same program	pcrec_288d505_auto-caps-simdna_noedge				emit_bytes	38496						
compile	kv-quoted			plain	same program	pcrec_288d505_auto-caps-simdna_noedge				emit_code_bytes	14393						
compile	kv-quoted			whole-subject	separate artifact	pcrec_288d505_auto-caps-simdna_noedge				median_total_ns	165033750.000000	5					
compile	kv-quoted			whole-subject	separate artifact	pcrec_288d505_auto-caps-simdna_noedge				jitter	0.009						
compile	kv-quoted			whole-subject	separate artifact	pcrec_288d505_auto-caps-simdna_noedge				artifact_bytes	31696						
compile	kv-quoted			whole-subject	separate artifact	pcrec_288d505_auto-caps-simdna_noedge				emit_bytes	43000						
compile	kv-quoted			whole-subject	separate artifact	pcrec_288d505_auto-caps-simdna_noedge				emit_code_bytes	16188						
compile	level-context			plain	same program	pcrec_288d505_auto-caps-simdna_noedge				median_total_ns	779489267.000000	5					
compile	level-context			plain	same program	pcrec_288d505_auto-caps-simdna_noedge				jitter	0.012						
compile	level-context			plain	same program	pcrec_288d505_auto-caps-simdna_noedge				artifact_bytes	39848						
compile	level-context			plain	same program	pcrec_288d505_auto-caps-simdna_noedge				emit_bytes	76188						
compile	level-context			plain	same program	pcrec_288d505_auto-caps-simdna_noedge				emit_code_bytes	34359						
compile	level-context			whole-subject	separate artifact	pcrec_288d505_auto-caps-simdna_noedge				median_total_ns	989595127.000000	5					
compile	level-context			whole-subject	separate artifact	pcrec_288d505_auto-caps-simdna_noedge				jitter	0.015						
compile	level-context			whole-subject	separate artifact	pcrec_288d505_auto-caps-simdna_noedge				artifact_bytes	39944						
compile	level-context			whole-subject	separate artifact	pcrec_288d505_auto-caps-simdna_noedge				emit_bytes	79211						
compile	level-context			whole-subject	separate artifact	pcrec_288d505_auto-caps-simdna_noedge				emit_code_bytes	35780						
compile	stack-frame			plain	same program	pcrec_288d505_auto-caps-simdna_noedge				median_total_ns	165254136.000000	5					
compile	stack-frame			plain	same program	pcrec_288d505_auto-caps-simdna_noedge				jitter	0.017						
compile	stack-frame			plain	same program	pcrec_288d505_auto-caps-simdna_noedge				artifact_bytes	39656						
compile	stack-frame			plain	same program	pcrec_288d505_auto-caps-simdna_noedge				emit_bytes	64733						
compile	stack-frame			plain	same program	pcrec_288d505_auto-caps-simdna_noedge				emit_code_bytes	14773						
compile	stack-frame			whole-subject	separate artifact	pcrec_288d505_auto-caps-simdna_noedge				median_total_ns	178128177.000000	5					
compile	stack-frame			whole-subject	separate artifact	pcrec_288d505_auto-caps-simdna_noedge				jitter	0.032						
compile	stack-frame			whole-subject	separate artifact	pcrec_288d505_auto-caps-simdna_noedge				artifact_bytes	39800						
compile	stack-frame			whole-subject	separate artifact	pcrec_288d505_auto-caps-simdna_noedge				emit_bytes	69027						
compile	stack-frame			whole-subject	separate artifact	pcrec_288d505_auto-caps-simdna_noedge				emit_code_bytes	16738						
compile	uuid			plain	same program	pcrec_288d505_auto-caps-simdna_noedge				median_total_ns	158287743.000000	5					
compile	uuid			plain	same program	pcrec_288d505_auto-caps-simdna_noedge				jitter	0.028						
compile	uuid			plain	same program	pcrec_288d505_auto-caps-simdna_noedge				artifact_bytes	27576						
compile	uuid			plain	same program	pcrec_288d505_auto-caps-simdna_noedge				emit_bytes	31370						
compile	uuid			plain	same program	pcrec_288d505_auto-caps-simdna_noedge				emit_code_bytes	15755						
compile	uuid			whole-subject	separate artifact	pcrec_288d505_auto-caps-simdna_noedge				median_total_ns	174282962.000000	5					
compile	uuid			whole-subject	separate artifact	pcrec_288d505_auto-caps-simdna_noedge				jitter	0.027						
compile	uuid			whole-subject	separate artifact	pcrec_288d505_auto-caps-simdna_noedge				artifact_bytes	27720						
compile	uuid			whole-subject	separate artifact	pcrec_288d505_auto-caps-simdna_noedge				emit_bytes	34643						
compile	uuid			whole-subject	separate artifact	pcrec_288d505_auto-caps-simdna_noedge				emit_code_bytes	17726						
