# reporter: v14 (2026-09-05); filters: subbench=loglines, version=0.1, since=2026-09-05T08:40:00Z, until=2026-09-05T09:00:00Z, testee=pcrec_334fd10e_auto-caps-simdna, testee=pcrec_334fd10e_auto-caps-simdna_noedge; source: store/index.tsv (2 record(s) matching this query); records: 2; excluded_invalid: 0; superseded: 0; newer_not_measured: 0; subbench_versions: loglines@0.1; machines: budu-ryzen1600; schema_versions: 1.5; grain: set; single_subject_regimes: ; include_unmeasured: False; include_scratch: False; all_records: False; x13_rules: v1.4 X13 (pre-flight + trial agreement) on 2; mixed_x13: False; include_provenance: False; worst_other_core_busy: 2.82% (pcrec_334fd10e_auto-caps-simdna_noedge / kv-quoted / short-subject-search)
section	pattern	subject_or_na	regime_or_na	form	fact	testee	status	tier	rank_or_na	metric	value	n	pass_rate	n_gave_up	n_wrong	gave_up_summary	delta_verdict
record						loglines@0.1__pcrec_334fd10e_auto-caps-simdna__budu-ryzen1600__20260905T084611Z				agreement	agree (0 of 22 groups; 0 of 1364 rows; 0 unjudged; k=1.5, 2/3; 5 trials)						
record						loglines@0.1__pcrec_334fd10e_auto-caps-simdna_noedge__budu-ryzen1600__20260905T085420Z				agreement	agree (0 of 22 groups; 0 of 1364 rows; 0 unjudged; k=1.5, 2/3; 5 trials)						
rank	bignum	(set)	large-subject-throughput	plain	same program	pcrec_334fd10e_auto-caps-simdna	measured	pinned	1	median_ns	13191284.298507	12	1.0000	0	0		
rank	bignum	(set)	large-subject-throughput	plain	same program	pcrec_334fd10e_auto-caps-simdna	measured	pinned	1	min_ns	12942625.373134	12	1.0000	0	0		
rank	bignum	(set)	large-subject-throughput	plain	same program	pcrec_334fd10e_auto-caps-simdna	measured	pinned	1	max_ns	13203251.701493	12	1.0000	0	0		
rank	bignum	(set)	large-subject-throughput	plain	same program	pcrec_334fd10e_auto-caps-simdna	measured	pinned	1	stddev_ns	105574.482303	12	1.0000	0	0		
rank	bignum	(set)	large-subject-throughput	plain	same program	pcrec_334fd10e_auto-caps-simdna	measured	pinned	1	ratio_vs_baseline	1.000000	12	1.0000	0	0		
rank	bignum	(set)	large-subject-throughput	plain	same program	pcrec_334fd10e_auto-caps-simdna	measured	pinned	1	ratio_vs_best	1.000000	12	1.0000	0	0		
rank	bignum	(set)	large-subject-throughput	plain	same program	pcrec_334fd10e_auto-caps-simdna_noedge	measured	pinned	2	median_ns	13202135.969697	12	1.0000	0	0		
rank	bignum	(set)	large-subject-throughput	plain	same program	pcrec_334fd10e_auto-caps-simdna_noedge	measured	pinned	2	min_ns	13140931.969697	12	1.0000	0	0		
rank	bignum	(set)	large-subject-throughput	plain	same program	pcrec_334fd10e_auto-caps-simdna_noedge	measured	pinned	2	max_ns	13205837.196970	12	1.0000	0	0		
rank	bignum	(set)	large-subject-throughput	plain	same program	pcrec_334fd10e_auto-caps-simdna_noedge	measured	pinned	2	stddev_ns	26519.822453	12	1.0000	0	0		
rank	bignum	(set)	large-subject-throughput	plain	same program	pcrec_334fd10e_auto-caps-simdna_noedge	measured	pinned	2	ratio_vs_baseline	1.000823	12	1.0000	0	0		
rank	bignum	(set)	large-subject-throughput	plain	same program	pcrec_334fd10e_auto-caps-simdna_noedge	measured	pinned	2	ratio_vs_best	1.000823	12	1.0000	0	0		
rank	bignum	(set)	short-subject-search	plain	same program	pcrec_334fd10e_auto-caps-simdna	measured	pinned	1	median_ns	426810.060095	112	1.0000	0	0		
rank	bignum	(set)	short-subject-search	plain	same program	pcrec_334fd10e_auto-caps-simdna	measured	pinned	1	min_ns	424395.745774	112	1.0000	0	0		
rank	bignum	(set)	short-subject-search	plain	same program	pcrec_334fd10e_auto-caps-simdna	measured	pinned	1	max_ns	430012.697138	112	1.0000	0	0		
rank	bignum	(set)	short-subject-search	plain	same program	pcrec_334fd10e_auto-caps-simdna	measured	pinned	1	stddev_ns	2132.485299	112	1.0000	0	0		
rank	bignum	(set)	short-subject-search	plain	same program	pcrec_334fd10e_auto-caps-simdna	measured	pinned	1	ratio_vs_baseline	1.000000	112	1.0000	0	0		
rank	bignum	(set)	short-subject-search	plain	same program	pcrec_334fd10e_auto-caps-simdna	measured	pinned	1	ratio_vs_best	1.000000	112	1.0000	0	0		
rank	bignum	(set)	short-subject-search	plain	same program	pcrec_334fd10e_auto-caps-simdna_noedge	measured	pinned	2	median_ns	428167.001071	112	1.0000	0	0		
rank	bignum	(set)	short-subject-search	plain	same program	pcrec_334fd10e_auto-caps-simdna_noedge	measured	pinned	2	min_ns	423350.530335	112	1.0000	0	0		
rank	bignum	(set)	short-subject-search	plain	same program	pcrec_334fd10e_auto-caps-simdna_noedge	measured	pinned	2	max_ns	429377.659438	112	1.0000	0	0		
rank	bignum	(set)	short-subject-search	plain	same program	pcrec_334fd10e_auto-caps-simdna_noedge	measured	pinned	2	stddev_ns	2109.280690	112	1.0000	0	0		
rank	bignum	(set)	short-subject-search	plain	same program	pcrec_334fd10e_auto-caps-simdna_noedge	measured	pinned	2	ratio_vs_baseline	1.003179	112	1.0000	0	0		
rank	bignum	(set)	short-subject-search	plain	same program	pcrec_334fd10e_auto-caps-simdna_noedge	measured	pinned	2	ratio_vs_best	1.003179	112	1.0000	0	0		
rank	floor	(set)	large-subject-throughput	plain	same program	pcrec_334fd10e_auto-caps-simdna	measured	pinned	1	median_ns	2902358.865169	12	1.0000	0	0		
rank	floor	(set)	large-subject-throughput	plain	same program	pcrec_334fd10e_auto-caps-simdna	measured	pinned	1	min_ns	2899777.913858	12	1.0000	0	0		
rank	floor	(set)	large-subject-throughput	plain	same program	pcrec_334fd10e_auto-caps-simdna	measured	pinned	1	max_ns	2910497.265918	12	1.0000	0	0		
rank	floor	(set)	large-subject-throughput	plain	same program	pcrec_334fd10e_auto-caps-simdna	measured	pinned	1	stddev_ns	3853.689343	12	1.0000	0	0		
rank	floor	(set)	large-subject-throughput	plain	same program	pcrec_334fd10e_auto-caps-simdna	measured	pinned	1	ratio_vs_baseline	1.000000	12	1.0000	0	0		
rank	floor	(set)	large-subject-throughput	plain	same program	pcrec_334fd10e_auto-caps-simdna	measured	pinned	1	ratio_vs_best	1.000000	12	1.0000	0	0		
rank	floor	(set)	large-subject-throughput	plain	same program	pcrec_334fd10e_auto-caps-simdna_noedge	measured	pinned	2	median_ns	2904855.822695	12	1.0000	0	0		
rank	floor	(set)	large-subject-throughput	plain	same program	pcrec_334fd10e_auto-caps-simdna_noedge	measured	pinned	2	min_ns	2903244.397163	12	1.0000	0	0		
rank	floor	(set)	large-subject-throughput	plain	same program	pcrec_334fd10e_auto-caps-simdna_noedge	measured	pinned	2	max_ns	2926991.028369	12	1.0000	0	0		
rank	floor	(set)	large-subject-throughput	plain	same program	pcrec_334fd10e_auto-caps-simdna_noedge	measured	pinned	2	stddev_ns	8972.950118	12	1.0000	0	0		
rank	floor	(set)	large-subject-throughput	plain	same program	pcrec_334fd10e_auto-caps-simdna_noedge	measured	pinned	2	ratio_vs_baseline	1.000860	12	1.0000	0	0		
rank	floor	(set)	large-subject-throughput	plain	same program	pcrec_334fd10e_auto-caps-simdna_noedge	measured	pinned	2	ratio_vs_best	1.000860	12	1.0000	0	0		
rank	floor	(set)	short-subject-search	plain	same program	pcrec_334fd10e_auto-caps-simdna_noedge	measured	pinned	1	median_ns	2039.780313	112	1.0000	0	0		
rank	floor	(set)	short-subject-search	plain	same program	pcrec_334fd10e_auto-caps-simdna_noedge	measured	pinned	1	min_ns	2036.585923	112	1.0000	0	0		
rank	floor	(set)	short-subject-search	plain	same program	pcrec_334fd10e_auto-caps-simdna_noedge	measured	pinned	1	max_ns	2059.351599	112	1.0000	0	0		
rank	floor	(set)	short-subject-search	plain	same program	pcrec_334fd10e_auto-caps-simdna_noedge	measured	pinned	1	stddev_ns	8.229291	112	1.0000	0	0		
rank	floor	(set)	short-subject-search	plain	same program	pcrec_334fd10e_auto-caps-simdna_noedge	measured	pinned	1	ratio_vs_baseline	1.000000	112	1.0000	0	0		
rank	floor	(set)	short-subject-search	plain	same program	pcrec_334fd10e_auto-caps-simdna_noedge	measured	pinned	1	ratio_vs_best	1.000000	112	1.0000	0	0		
rank	floor	(set)	short-subject-search	plain	same program	pcrec_334fd10e_auto-caps-simdna	measured	pinned	2	median_ns	2044.568007	112	1.0000	0	0		
rank	floor	(set)	short-subject-search	plain	same program	pcrec_334fd10e_auto-caps-simdna	measured	pinned	2	min_ns	2040.448874	112	1.0000	0	0		
rank	floor	(set)	short-subject-search	plain	same program	pcrec_334fd10e_auto-caps-simdna	measured	pinned	2	max_ns	2051.041413	112	1.0000	0	0		
rank	floor	(set)	short-subject-search	plain	same program	pcrec_334fd10e_auto-caps-simdna	measured	pinned	2	stddev_ns	3.512599	112	1.0000	0	0		
rank	floor	(set)	short-subject-search	plain	same program	pcrec_334fd10e_auto-caps-simdna	measured	pinned	2	ratio_vs_baseline	1.002347	112	1.0000	0	0		
rank	floor	(set)	short-subject-search	plain	same program	pcrec_334fd10e_auto-caps-simdna	measured	pinned	2	ratio_vs_best	1.002347	112	1.0000	0	0		
rank	hex32-id	(set)	large-subject-throughput	plain	same program	pcrec_334fd10e_auto-caps-simdna	measured	pinned	1	median_ns	13136284.000000	12	1.0000	0	0		
rank	hex32-id	(set)	large-subject-throughput	plain	same program	pcrec_334fd10e_auto-caps-simdna	measured	pinned	1	min_ns	13060540.104478	12	1.0000	0	0		
rank	hex32-id	(set)	large-subject-throughput	plain	same program	pcrec_334fd10e_auto-caps-simdna	measured	pinned	1	max_ns	13184941.910448	12	1.0000	0	0		
rank	hex32-id	(set)	large-subject-throughput	plain	same program	pcrec_334fd10e_auto-caps-simdna	measured	pinned	1	stddev_ns	48073.420748	12	1.0000	0	0		
rank	hex32-id	(set)	large-subject-throughput	plain	same program	pcrec_334fd10e_auto-caps-simdna	measured	pinned	1	ratio_vs_baseline	1.000000	12	1.0000	0	0		
rank	hex32-id	(set)	large-subject-throughput	plain	same program	pcrec_334fd10e_auto-caps-simdna	measured	pinned	1	ratio_vs_best	1.000000	12	1.0000	0	0		
rank	hex32-id	(set)	large-subject-throughput	plain	same program	pcrec_334fd10e_auto-caps-simdna_noedge	measured	pinned	2	median_ns	13182122.462687	12	1.0000	0	0		
rank	hex32-id	(set)	large-subject-throughput	plain	same program	pcrec_334fd10e_auto-caps-simdna_noedge	measured	pinned	2	min_ns	13105142.149254	12	1.0000	0	0		
rank	hex32-id	(set)	large-subject-throughput	plain	same program	pcrec_334fd10e_auto-caps-simdna_noedge	measured	pinned	2	max_ns	13186218.477612	12	1.0000	0	0		
rank	hex32-id	(set)	large-subject-throughput	plain	same program	pcrec_334fd10e_auto-caps-simdna_noedge	measured	pinned	2	stddev_ns	31090.972279	12	1.0000	0	0		
rank	hex32-id	(set)	large-subject-throughput	plain	same program	pcrec_334fd10e_auto-caps-simdna_noedge	measured	pinned	2	ratio_vs_baseline	1.003489	12	1.0000	0	0		
rank	hex32-id	(set)	large-subject-throughput	plain	same program	pcrec_334fd10e_auto-caps-simdna_noedge	measured	pinned	2	ratio_vs_best	1.003489	12	1.0000	0	0		
rank	hex32-id	(set)	short-subject-search	plain	same program	pcrec_334fd10e_auto-caps-simdna	measured	pinned	1	median_ns	431239.218302	112	1.0000	0	0		
rank	hex32-id	(set)	short-subject-search	plain	same program	pcrec_334fd10e_auto-caps-simdna	measured	pinned	1	min_ns	429041.824123	112	1.0000	0	0		
rank	hex32-id	(set)	short-subject-search	plain	same program	pcrec_334fd10e_auto-caps-simdna	measured	pinned	1	max_ns	433836.550615	112	1.0000	0	0		
rank	hex32-id	(set)	short-subject-search	plain	same program	pcrec_334fd10e_auto-caps-simdna	measured	pinned	1	stddev_ns	1768.877635	112	1.0000	0	0		
rank	hex32-id	(set)	short-subject-search	plain	same program	pcrec_334fd10e_auto-caps-simdna	measured	pinned	1	ratio_vs_baseline	1.000000	112	1.0000	0	0		
rank	hex32-id	(set)	short-subject-search	plain	same program	pcrec_334fd10e_auto-caps-simdna	measured	pinned	1	ratio_vs_best	1.000000	112	1.0000	0	0		
rank	hex32-id	(set)	short-subject-search	plain	same program	pcrec_334fd10e_auto-caps-simdna_noedge	measured	pinned	2	median_ns	434983.266083	112	1.0000	0	0		
rank	hex32-id	(set)	short-subject-search	plain	same program	pcrec_334fd10e_auto-caps-simdna_noedge	measured	pinned	2	min_ns	429629.781388	112	1.0000	0	0		
rank	hex32-id	(set)	short-subject-search	plain	same program	pcrec_334fd10e_auto-caps-simdna_noedge	measured	pinned	2	max_ns	435266.218022	112	1.0000	0	0		
rank	hex32-id	(set)	short-subject-search	plain	same program	pcrec_334fd10e_auto-caps-simdna_noedge	measured	pinned	2	stddev_ns	2136.098704	112	1.0000	0	0		
rank	hex32-id	(set)	short-subject-search	plain	same program	pcrec_334fd10e_auto-caps-simdna_noedge	measured	pinned	2	ratio_vs_baseline	1.008682	112	1.0000	0	0		
rank	hex32-id	(set)	short-subject-search	plain	same program	pcrec_334fd10e_auto-caps-simdna_noedge	measured	pinned	2	ratio_vs_best	1.008682	112	1.0000	0	0		
rank	http-5xx	(set)	large-subject-throughput	plain	same program	pcrec_334fd10e_auto-caps-simdna_noedge	measured	pinned	1	median_ns	252754.043453	12	1.0000	0	0		
rank	http-5xx	(set)	large-subject-throughput	plain	same program	pcrec_334fd10e_auto-caps-simdna_noedge	measured	pinned	1	min_ns	251806.189959	12	1.0000	0	0		
rank	http-5xx	(set)	large-subject-throughput	plain	same program	pcrec_334fd10e_auto-caps-simdna_noedge	measured	pinned	1	max_ns	254269.252202	12	1.0000	0	0		
rank	http-5xx	(set)	large-subject-throughput	plain	same program	pcrec_334fd10e_auto-caps-simdna_noedge	measured	pinned	1	stddev_ns	855.823993	12	1.0000	0	0		
rank	http-5xx	(set)	large-subject-throughput	plain	same program	pcrec_334fd10e_auto-caps-simdna_noedge	measured	pinned	1	ratio_vs_baseline	1.000000	12	1.0000	0	0		
rank	http-5xx	(set)	large-subject-throughput	plain	same program	pcrec_334fd10e_auto-caps-simdna_noedge	measured	pinned	1	ratio_vs_best	1.000000	12	1.0000	0	0		
rank	http-5xx	(set)	large-subject-throughput	plain	same program	pcrec_334fd10e_auto-caps-simdna	measured	pinned	2	median_ns	253123.725169	12	1.0000	0	0		
rank	http-5xx	(set)	large-subject-throughput	plain	same program	pcrec_334fd10e_auto-caps-simdna	measured	pinned	2	min_ns	252797.692773	12	1.0000	0	0		
rank	http-5xx	(set)	large-subject-throughput	plain	same program	pcrec_334fd10e_auto-caps-simdna	measured	pinned	2	max_ns	253303.886080	12	1.0000	0	0		
rank	http-5xx	(set)	large-subject-throughput	plain	same program	pcrec_334fd10e_auto-caps-simdna	measured	pinned	2	stddev_ns	173.387389	12	1.0000	0	0		
rank	http-5xx	(set)	large-subject-throughput	plain	same program	pcrec_334fd10e_auto-caps-simdna	measured	pinned	2	ratio_vs_baseline	1.001463	12	1.0000	0	0		
rank	http-5xx	(set)	large-subject-throughput	plain	same program	pcrec_334fd10e_auto-caps-simdna	measured	pinned	2	ratio_vs_best	1.001463	12	1.0000	0	0		
rank	http-5xx	(set)	short-subject-search	plain	same program	pcrec_334fd10e_auto-caps-simdna_noedge	measured	pinned	1	median_ns	7056.516044	112	1.0000	0	0		
rank	http-5xx	(set)	short-subject-search	plain	same program	pcrec_334fd10e_auto-caps-simdna_noedge	measured	pinned	1	min_ns	7036.038428	112	1.0000	0	0		
rank	http-5xx	(set)	short-subject-search	plain	same program	pcrec_334fd10e_auto-caps-simdna_noedge	measured	pinned	1	max_ns	7068.381814	112	1.0000	0	0		
rank	http-5xx	(set)	short-subject-search	plain	same program	pcrec_334fd10e_auto-caps-simdna_noedge	measured	pinned	1	stddev_ns	10.914035	112	1.0000	0	0		
rank	http-5xx	(set)	short-subject-search	plain	same program	pcrec_334fd10e_auto-caps-simdna_noedge	measured	pinned	1	ratio_vs_baseline	1.000000	112	1.0000	0	0		
rank	http-5xx	(set)	short-subject-search	plain	same program	pcrec_334fd10e_auto-caps-simdna_noedge	measured	pinned	1	ratio_vs_best	1.000000	112	1.0000	0	0		
rank	http-5xx	(set)	short-subject-search	plain	same program	pcrec_334fd10e_auto-caps-simdna	measured	pinned	2	median_ns	7192.555610	112	1.0000	0	0		
rank	http-5xx	(set)	short-subject-search	plain	same program	pcrec_334fd10e_auto-caps-simdna	measured	pinned	2	min_ns	7178.562558	112	1.0000	0	0		
rank	http-5xx	(set)	short-subject-search	plain	same program	pcrec_334fd10e_auto-caps-simdna	measured	pinned	2	max_ns	7211.425724	112	1.0000	0	0		
rank	http-5xx	(set)	short-subject-search	plain	same program	pcrec_334fd10e_auto-caps-simdna	measured	pinned	2	stddev_ns	11.572506	112	1.0000	0	0		
rank	http-5xx	(set)	short-subject-search	plain	same program	pcrec_334fd10e_auto-caps-simdna	measured	pinned	2	ratio_vs_baseline	1.019279	112	1.0000	0	0		
rank	http-5xx	(set)	short-subject-search	plain	same program	pcrec_334fd10e_auto-caps-simdna	measured	pinned	2	ratio_vs_best	1.019279	112	1.0000	0	0		
rank	ipv4	(set)	large-subject-throughput	plain	same program	pcrec_334fd10e_auto-caps-simdna_noedge	measured	pinned	1	median_ns	6903106.326389	12	1.0000	0	0		
rank	ipv4	(set)	large-subject-throughput	plain	same program	pcrec_334fd10e_auto-caps-simdna_noedge	measured	pinned	1	min_ns	6880004.381944	12	1.0000	0	0		
rank	ipv4	(set)	large-subject-throughput	plain	same program	pcrec_334fd10e_auto-caps-simdna_noedge	measured	pinned	1	max_ns	6907558.069444	12	1.0000	0	0		
rank	ipv4	(set)	large-subject-throughput	plain	same program	pcrec_334fd10e_auto-caps-simdna_noedge	measured	pinned	1	stddev_ns	9878.771242	12	1.0000	0	0		
rank	ipv4	(set)	large-subject-throughput	plain	same program	pcrec_334fd10e_auto-caps-simdna_noedge	measured	pinned	1	ratio_vs_baseline	1.000000	12	1.0000	0	0		
rank	ipv4	(set)	large-subject-throughput	plain	same program	pcrec_334fd10e_auto-caps-simdna_noedge	measured	pinned	1	ratio_vs_best	1.000000	12	1.0000	0	0		
rank	ipv4	(set)	large-subject-throughput	plain	same program	pcrec_334fd10e_auto-caps-simdna	measured	pinned	2	median_ns	6913864.724138	12	1.0000	0	0		
rank	ipv4	(set)	large-subject-throughput	plain	same program	pcrec_334fd10e_auto-caps-simdna	measured	pinned	2	min_ns	6902632.510345	12	1.0000	0	0		
rank	ipv4	(set)	large-subject-throughput	plain	same program	pcrec_334fd10e_auto-caps-simdna	measured	pinned	2	max_ns	6938595.820690	12	1.0000	0	0		
rank	ipv4	(set)	large-subject-throughput	plain	same program	pcrec_334fd10e_auto-caps-simdna	measured	pinned	2	stddev_ns	12080.011788	12	1.0000	0	0		
rank	ipv4	(set)	large-subject-throughput	plain	same program	pcrec_334fd10e_auto-caps-simdna	measured	pinned	2	ratio_vs_baseline	1.001558	12	1.0000	0	0		
rank	ipv4	(set)	large-subject-throughput	plain	same program	pcrec_334fd10e_auto-caps-simdna	measured	pinned	2	ratio_vs_best	1.001558	12	1.0000	0	0		
rank	ipv4	(set)	short-subject-search	plain	same program	pcrec_334fd10e_auto-caps-simdna	measured	pinned	1	median_ns	204592.369196	112	1.0000	0	0		
rank	ipv4	(set)	short-subject-search	plain	same program	pcrec_334fd10e_auto-caps-simdna	measured	pinned	1	min_ns	204465.128552	112	1.0000	0	0		
rank	ipv4	(set)	short-subject-search	plain	same program	pcrec_334fd10e_auto-caps-simdna	measured	pinned	1	max_ns	206474.699517	112	1.0000	0	0		
rank	ipv4	(set)	short-subject-search	plain	same program	pcrec_334fd10e_auto-caps-simdna	measured	pinned	1	stddev_ns	754.158658	112	1.0000	0	0		
rank	ipv4	(set)	short-subject-search	plain	same program	pcrec_334fd10e_auto-caps-simdna	measured	pinned	1	ratio_vs_baseline	1.000000	112	1.0000	0	0		
rank	ipv4	(set)	short-subject-search	plain	same program	pcrec_334fd10e_auto-caps-simdna	measured	pinned	1	ratio_vs_best	1.000000	112	1.0000	0	0		
rank	ipv4	(set)	short-subject-search	plain	same program	pcrec_334fd10e_auto-caps-simdna_noedge	measured	pinned	2	median_ns	204853.688212	112	1.0000	0	0		
rank	ipv4	(set)	short-subject-search	plain	same program	pcrec_334fd10e_auto-caps-simdna_noedge	measured	pinned	2	min_ns	204320.780003	112	1.0000	0	0		
rank	ipv4	(set)	short-subject-search	plain	same program	pcrec_334fd10e_auto-caps-simdna_noedge	measured	pinned	2	max_ns	205477.332356	112	1.0000	0	0		
rank	ipv4	(set)	short-subject-search	plain	same program	pcrec_334fd10e_auto-caps-simdna_noedge	measured	pinned	2	stddev_ns	419.350205	112	1.0000	0	0		
rank	ipv4	(set)	short-subject-search	plain	same program	pcrec_334fd10e_auto-caps-simdna_noedge	measured	pinned	2	ratio_vs_baseline	1.001277	112	1.0000	0	0		
rank	ipv4	(set)	short-subject-search	plain	same program	pcrec_334fd10e_auto-caps-simdna_noedge	measured	pinned	2	ratio_vs_best	1.001277	112	1.0000	0	0		
rank	ipv6	(set)	large-subject-throughput	plain	same program	pcrec_334fd10e_auto-caps-simdna_noedge	measured	pinned	1	median_ns	10318053.816092	12	1.0000	0	0		
rank	ipv6	(set)	large-subject-throughput	plain	same program	pcrec_334fd10e_auto-caps-simdna_noedge	measured	pinned	1	min_ns	10300763.379310	12	1.0000	0	0		
rank	ipv6	(set)	large-subject-throughput	plain	same program	pcrec_334fd10e_auto-caps-simdna_noedge	measured	pinned	1	max_ns	10331028.275862	12	1.0000	0	0		
rank	ipv6	(set)	large-subject-throughput	plain	same program	pcrec_334fd10e_auto-caps-simdna_noedge	measured	pinned	1	stddev_ns	10988.096886	12	1.0000	0	0		
rank	ipv6	(set)	large-subject-throughput	plain	same program	pcrec_334fd10e_auto-caps-simdna_noedge	measured	pinned	1	ratio_vs_baseline	1.000000	12	1.0000	0	0		
rank	ipv6	(set)	large-subject-throughput	plain	same program	pcrec_334fd10e_auto-caps-simdna_noedge	measured	pinned	1	ratio_vs_best	1.000000	12	1.0000	0	0		
rank	ipv6	(set)	large-subject-throughput	plain	same program	pcrec_334fd10e_auto-caps-simdna	measured	pinned	2	median_ns	10497950.349398	12	1.0000	0	0		
rank	ipv6	(set)	large-subject-throughput	plain	same program	pcrec_334fd10e_auto-caps-simdna	measured	pinned	2	min_ns	10483758.216867	12	1.0000	0	0		
rank	ipv6	(set)	large-subject-throughput	plain	same program	pcrec_334fd10e_auto-caps-simdna	measured	pinned	2	max_ns	10570915.843373	12	1.0000	0	0		
rank	ipv6	(set)	large-subject-throughput	plain	same program	pcrec_334fd10e_auto-caps-simdna	measured	pinned	2	stddev_ns	30989.295864	12	1.0000	0	0		
rank	ipv6	(set)	large-subject-throughput	plain	same program	pcrec_334fd10e_auto-caps-simdna	measured	pinned	2	ratio_vs_baseline	1.017435	12	1.0000	0	0		
rank	ipv6	(set)	large-subject-throughput	plain	same program	pcrec_334fd10e_auto-caps-simdna	measured	pinned	2	ratio_vs_best	1.017435	12	1.0000	0	0		
rank	ipv6	(set)	short-subject-search	plain	same program	pcrec_334fd10e_auto-caps-simdna_noedge	measured	pinned	1	median_ns	258090.415277	112	1.0000	0	0		
rank	ipv6	(set)	short-subject-search	plain	same program	pcrec_334fd10e_auto-caps-simdna_noedge	measured	pinned	1	min_ns	257744.196172	112	1.0000	0	0		
rank	ipv6	(set)	short-subject-search	plain	same program	pcrec_334fd10e_auto-caps-simdna_noedge	measured	pinned	1	max_ns	258617.758885	112	1.0000	0	0		
rank	ipv6	(set)	short-subject-search	plain	same program	pcrec_334fd10e_auto-caps-simdna_noedge	measured	pinned	1	stddev_ns	349.552110	112	1.0000	0	0		
rank	ipv6	(set)	short-subject-search	plain	same program	pcrec_334fd10e_auto-caps-simdna_noedge	measured	pinned	1	ratio_vs_baseline	1.000000	112	1.0000	0	0		
rank	ipv6	(set)	short-subject-search	plain	same program	pcrec_334fd10e_auto-caps-simdna_noedge	measured	pinned	1	ratio_vs_best	1.000000	112	1.0000	0	0		
rank	ipv6	(set)	short-subject-search	plain	same program	pcrec_334fd10e_auto-caps-simdna	measured	pinned	2	median_ns	260011.764295	112	1.0000	0	0		
rank	ipv6	(set)	short-subject-search	plain	same program	pcrec_334fd10e_auto-caps-simdna	measured	pinned	2	min_ns	259484.203121	112	1.0000	0	0		
rank	ipv6	(set)	short-subject-search	plain	same program	pcrec_334fd10e_auto-caps-simdna	measured	pinned	2	max_ns	260445.036344	112	1.0000	0	0		
rank	ipv6	(set)	short-subject-search	plain	same program	pcrec_334fd10e_auto-caps-simdna	measured	pinned	2	stddev_ns	349.077681	112	1.0000	0	0		
rank	ipv6	(set)	short-subject-search	plain	same program	pcrec_334fd10e_auto-caps-simdna	measured	pinned	2	ratio_vs_baseline	1.007444	112	1.0000	0	0		
rank	ipv6	(set)	short-subject-search	plain	same program	pcrec_334fd10e_auto-caps-simdna	measured	pinned	2	ratio_vs_best	1.007444	112	1.0000	0	0		
rank	iso-ts	(set)	large-subject-throughput	plain	same program	pcrec_334fd10e_auto-caps-simdna_noedge	measured	pinned	1	median_ns	1142263.073903	12	1.0000	0	0		
rank	iso-ts	(set)	large-subject-throughput	plain	same program	pcrec_334fd10e_auto-caps-simdna_noedge	measured	pinned	1	min_ns	1140699.612009	12	1.0000	0	0		
rank	iso-ts	(set)	large-subject-throughput	plain	same program	pcrec_334fd10e_auto-caps-simdna_noedge	measured	pinned	1	max_ns	1142551.237875	12	1.0000	0	0		
rank	iso-ts	(set)	large-subject-throughput	plain	same program	pcrec_334fd10e_auto-caps-simdna_noedge	measured	pinned	1	stddev_ns	681.709454	12	1.0000	0	0		
rank	iso-ts	(set)	large-subject-throughput	plain	same program	pcrec_334fd10e_auto-caps-simdna_noedge	measured	pinned	1	ratio_vs_baseline	1.000000	12	1.0000	0	0		
rank	iso-ts	(set)	large-subject-throughput	plain	same program	pcrec_334fd10e_auto-caps-simdna_noedge	measured	pinned	1	ratio_vs_best	1.000000	12	1.0000	0	0		
rank	iso-ts	(set)	large-subject-throughput	plain	same program	pcrec_334fd10e_auto-caps-simdna	measured	pinned	2	median_ns	1148538.751938	12	1.0000	0	0		
rank	iso-ts	(set)	large-subject-throughput	plain	same program	pcrec_334fd10e_auto-caps-simdna	measured	pinned	2	min_ns	1148178.890181	12	1.0000	0	0		
rank	iso-ts	(set)	large-subject-throughput	plain	same program	pcrec_334fd10e_auto-caps-simdna	measured	pinned	2	max_ns	1150289.923773	12	1.0000	0	0		
rank	iso-ts	(set)	large-subject-throughput	plain	same program	pcrec_334fd10e_auto-caps-simdna	measured	pinned	2	stddev_ns	770.569575	12	1.0000	0	0		
rank	iso-ts	(set)	large-subject-throughput	plain	same program	pcrec_334fd10e_auto-caps-simdna	measured	pinned	2	ratio_vs_baseline	1.005494	12	1.0000	0	0		
rank	iso-ts	(set)	large-subject-throughput	plain	same program	pcrec_334fd10e_auto-caps-simdna	measured	pinned	2	ratio_vs_best	1.005494	12	1.0000	0	0		
rank	iso-ts	(set)	short-subject-search	plain	same program	pcrec_334fd10e_auto-caps-simdna_noedge	measured	pinned	1	median_ns	20461.939934	112	1.0000	0	0		
rank	iso-ts	(set)	short-subject-search	plain	same program	pcrec_334fd10e_auto-caps-simdna_noedge	measured	pinned	1	min_ns	20416.554134	112	1.0000	0	0		
rank	iso-ts	(set)	short-subject-search	plain	same program	pcrec_334fd10e_auto-caps-simdna_noedge	measured	pinned	1	max_ns	20504.491136	112	1.0000	0	0		
rank	iso-ts	(set)	short-subject-search	plain	same program	pcrec_334fd10e_auto-caps-simdna_noedge	measured	pinned	1	stddev_ns	32.033765	112	1.0000	0	0		
rank	iso-ts	(set)	short-subject-search	plain	same program	pcrec_334fd10e_auto-caps-simdna_noedge	measured	pinned	1	ratio_vs_baseline	1.000000	112	1.0000	0	0		
rank	iso-ts	(set)	short-subject-search	plain	same program	pcrec_334fd10e_auto-caps-simdna_noedge	measured	pinned	1	ratio_vs_best	1.000000	112	1.0000	0	0		
rank	iso-ts	(set)	short-subject-search	plain	same program	pcrec_334fd10e_auto-caps-simdna	measured	pinned	2	median_ns	20781.190557	112	1.0000	0	0		
rank	iso-ts	(set)	short-subject-search	plain	same program	pcrec_334fd10e_auto-caps-simdna	measured	pinned	2	min_ns	20730.440838	112	1.0000	0	0		
rank	iso-ts	(set)	short-subject-search	plain	same program	pcrec_334fd10e_auto-caps-simdna	measured	pinned	2	max_ns	21004.590911	112	1.0000	0	0		
rank	iso-ts	(set)	short-subject-search	plain	same program	pcrec_334fd10e_auto-caps-simdna	measured	pinned	2	stddev_ns	100.630793	112	1.0000	0	0		
rank	iso-ts	(set)	short-subject-search	plain	same program	pcrec_334fd10e_auto-caps-simdna	measured	pinned	2	ratio_vs_baseline	1.015602	112	1.0000	0	0		
rank	iso-ts	(set)	short-subject-search	plain	same program	pcrec_334fd10e_auto-caps-simdna	measured	pinned	2	ratio_vs_best	1.015602	112	1.0000	0	0		
rank	kv-quoted	(set)	large-subject-throughput	plain	same program	pcrec_334fd10e_auto-caps-simdna	measured	pinned	1	median_ns	14567251.016393	12	1.0000	0	0		
rank	kv-quoted	(set)	large-subject-throughput	plain	same program	pcrec_334fd10e_auto-caps-simdna	measured	pinned	1	min_ns	14077801.213115	12	1.0000	0	0		
rank	kv-quoted	(set)	large-subject-throughput	plain	same program	pcrec_334fd10e_auto-caps-simdna	measured	pinned	1	max_ns	14678243.491803	12	1.0000	0	0		
rank	kv-quoted	(set)	large-subject-throughput	plain	same program	pcrec_334fd10e_auto-caps-simdna	measured	pinned	1	stddev_ns	225710.762056	12	1.0000	0	0		
rank	kv-quoted	(set)	large-subject-throughput	plain	same program	pcrec_334fd10e_auto-caps-simdna	measured	pinned	1	ratio_vs_baseline	1.000000	12	1.0000	0	0		
rank	kv-quoted	(set)	large-subject-throughput	plain	same program	pcrec_334fd10e_auto-caps-simdna	measured	pinned	1	ratio_vs_best	1.000000	12	1.0000	0	0		
rank	kv-quoted	(set)	large-subject-throughput	plain	same program	pcrec_334fd10e_auto-caps-simdna_noedge	measured	pinned	2	median_ns	14609839.135593	12	1.0000	0	0		
rank	kv-quoted	(set)	large-subject-throughput	plain	same program	pcrec_334fd10e_auto-caps-simdna_noedge	measured	pinned	2	min_ns	14031546.508475	12	1.0000	0	0		
rank	kv-quoted	(set)	large-subject-throughput	plain	same program	pcrec_334fd10e_auto-caps-simdna_noedge	measured	pinned	2	max_ns	14680034.305085	12	1.0000	0	0		
rank	kv-quoted	(set)	large-subject-throughput	plain	same program	pcrec_334fd10e_auto-caps-simdna_noedge	measured	pinned	2	stddev_ns	254889.395762	12	1.0000	0	0		
rank	kv-quoted	(set)	large-subject-throughput	plain	same program	pcrec_334fd10e_auto-caps-simdna_noedge	measured	pinned	2	ratio_vs_baseline	1.002924	12	1.0000	0	0		
rank	kv-quoted	(set)	large-subject-throughput	plain	same program	pcrec_334fd10e_auto-caps-simdna_noedge	measured	pinned	2	ratio_vs_best	1.002924	12	1.0000	0	0		
rank	kv-quoted	(set)	short-subject-search	plain	same program	pcrec_334fd10e_auto-caps-simdna	measured	pinned	1	median_ns	504295.849589	112	1.0000	0	0		
rank	kv-quoted	(set)	short-subject-search	plain	same program	pcrec_334fd10e_auto-caps-simdna	measured	pinned	1	min_ns	500575.674861	112	1.0000	0	0		
rank	kv-quoted	(set)	short-subject-search	plain	same program	pcrec_334fd10e_auto-caps-simdna	measured	pinned	1	max_ns	511052.954280	112	1.0000	0	0		
rank	kv-quoted	(set)	short-subject-search	plain	same program	pcrec_334fd10e_auto-caps-simdna	measured	pinned	1	stddev_ns	3768.842268	112	1.0000	0	0		
rank	kv-quoted	(set)	short-subject-search	plain	same program	pcrec_334fd10e_auto-caps-simdna	measured	pinned	1	ratio_vs_baseline	1.000000	112	1.0000	0	0		
rank	kv-quoted	(set)	short-subject-search	plain	same program	pcrec_334fd10e_auto-caps-simdna	measured	pinned	1	ratio_vs_best	1.000000	112	1.0000	0	0		
rank	kv-quoted	(set)	short-subject-search	plain	same program	pcrec_334fd10e_auto-caps-simdna_noedge	measured	pinned	2	median_ns	509744.083367	112	1.0000	0	0		
rank	kv-quoted	(set)	short-subject-search	plain	same program	pcrec_334fd10e_auto-caps-simdna_noedge	measured	pinned	2	min_ns	504044.771723	112	1.0000	0	0		
rank	kv-quoted	(set)	short-subject-search	plain	same program	pcrec_334fd10e_auto-caps-simdna_noedge	measured	pinned	2	max_ns	513374.942050	112	1.0000	0	0		
rank	kv-quoted	(set)	short-subject-search	plain	same program	pcrec_334fd10e_auto-caps-simdna_noedge	measured	pinned	2	stddev_ns	3208.758051	112	1.0000	0	0		
rank	kv-quoted	(set)	short-subject-search	plain	same program	pcrec_334fd10e_auto-caps-simdna_noedge	measured	pinned	2	ratio_vs_baseline	1.010804	112	1.0000	0	0		
rank	kv-quoted	(set)	short-subject-search	plain	same program	pcrec_334fd10e_auto-caps-simdna_noedge	measured	pinned	2	ratio_vs_best	1.010804	112	1.0000	0	0		
rank	level-context	(set)	large-subject-throughput	plain	same program	pcrec_334fd10e_auto-caps-simdna	measured	pinned	1	median_ns	11021826.987179	12	1.0000	0	0		
rank	level-context	(set)	large-subject-throughput	plain	same program	pcrec_334fd10e_auto-caps-simdna	measured	pinned	1	min_ns	11015716.948718	12	1.0000	0	0		
rank	level-context	(set)	large-subject-throughput	plain	same program	pcrec_334fd10e_auto-caps-simdna	measured	pinned	1	max_ns	11135804.307692	12	1.0000	0	0		
rank	level-context	(set)	large-subject-throughput	plain	same program	pcrec_334fd10e_auto-caps-simdna	measured	pinned	1	stddev_ns	45944.424504	12	1.0000	0	0		
rank	level-context	(set)	large-subject-throughput	plain	same program	pcrec_334fd10e_auto-caps-simdna	measured	pinned	1	ratio_vs_baseline	1.000000	12	1.0000	0	0		
rank	level-context	(set)	large-subject-throughput	plain	same program	pcrec_334fd10e_auto-caps-simdna	measured	pinned	1	ratio_vs_best	1.000000	12	1.0000	0	0		
rank	level-context	(set)	large-subject-throughput	plain	same program	pcrec_334fd10e_auto-caps-simdna_noedge	measured	pinned	2	median_ns	11030147.645570	12	1.0000	0	0		
rank	level-context	(set)	large-subject-throughput	plain	same program	pcrec_334fd10e_auto-caps-simdna_noedge	measured	pinned	2	min_ns	11020102.037975	12	1.0000	0	0		
rank	level-context	(set)	large-subject-throughput	plain	same program	pcrec_334fd10e_auto-caps-simdna_noedge	measured	pinned	2	max_ns	11056922.000000	12	1.0000	0	0		
rank	level-context	(set)	large-subject-throughput	plain	same program	pcrec_334fd10e_auto-caps-simdna_noedge	measured	pinned	2	stddev_ns	14230.274721	12	1.0000	0	0		
rank	level-context	(set)	large-subject-throughput	plain	same program	pcrec_334fd10e_auto-caps-simdna_noedge	measured	pinned	2	ratio_vs_baseline	1.000755	12	1.0000	0	0		
rank	level-context	(set)	large-subject-throughput	plain	same program	pcrec_334fd10e_auto-caps-simdna_noedge	measured	pinned	2	ratio_vs_best	1.000755	12	1.0000	0	0		
rank	level-context	(set)	short-subject-search	plain	same program	pcrec_334fd10e_auto-caps-simdna_noedge	measured	pinned	1	median_ns	333787.723107	112	1.0000	0	0		
rank	level-context	(set)	short-subject-search	plain	same program	pcrec_334fd10e_auto-caps-simdna_noedge	measured	pinned	1	min_ns	333544.374736	112	1.0000	0	0		
rank	level-context	(set)	short-subject-search	plain	same program	pcrec_334fd10e_auto-caps-simdna_noedge	measured	pinned	1	max_ns	334285.063863	112	1.0000	0	0		
rank	level-context	(set)	short-subject-search	plain	same program	pcrec_334fd10e_auto-caps-simdna_noedge	measured	pinned	1	stddev_ns	255.852240	112	1.0000	0	0		
rank	level-context	(set)	short-subject-search	plain	same program	pcrec_334fd10e_auto-caps-simdna_noedge	measured	pinned	1	ratio_vs_baseline	1.000000	112	1.0000	0	0		
rank	level-context	(set)	short-subject-search	plain	same program	pcrec_334fd10e_auto-caps-simdna_noedge	measured	pinned	1	ratio_vs_best	1.000000	112	1.0000	0	0		
rank	level-context	(set)	short-subject-search	plain	same program	pcrec_334fd10e_auto-caps-simdna	measured	pinned	2	median_ns	333997.472880	112	1.0000	0	0		
rank	level-context	(set)	short-subject-search	plain	same program	pcrec_334fd10e_auto-caps-simdna	measured	pinned	2	min_ns	333800.942283	112	1.0000	0	0		
rank	level-context	(set)	short-subject-search	plain	same program	pcrec_334fd10e_auto-caps-simdna	measured	pinned	2	max_ns	334090.904293	112	1.0000	0	0		
rank	level-context	(set)	short-subject-search	plain	same program	pcrec_334fd10e_auto-caps-simdna	measured	pinned	2	stddev_ns	96.109061	112	1.0000	0	0		
rank	level-context	(set)	short-subject-search	plain	same program	pcrec_334fd10e_auto-caps-simdna	measured	pinned	2	ratio_vs_baseline	1.000628	112	1.0000	0	0		
rank	level-context	(set)	short-subject-search	plain	same program	pcrec_334fd10e_auto-caps-simdna	measured	pinned	2	ratio_vs_best	1.000628	112	1.0000	0	0		
rank	stack-frame	(set)	large-subject-throughput	plain	same program	pcrec_334fd10e_auto-caps-simdna_noedge	measured	pinned	1	median_ns	1845521.600000	12	1.0000	0	0		
rank	stack-frame	(set)	large-subject-throughput	plain	same program	pcrec_334fd10e_auto-caps-simdna_noedge	measured	pinned	1	min_ns	1842370.982979	12	1.0000	0	0		
rank	stack-frame	(set)	large-subject-throughput	plain	same program	pcrec_334fd10e_auto-caps-simdna_noedge	measured	pinned	1	max_ns	1847556.908511	12	1.0000	0	0		
rank	stack-frame	(set)	large-subject-throughput	plain	same program	pcrec_334fd10e_auto-caps-simdna_noedge	measured	pinned	1	stddev_ns	1911.922395	12	1.0000	0	0		
rank	stack-frame	(set)	large-subject-throughput	plain	same program	pcrec_334fd10e_auto-caps-simdna_noedge	measured	pinned	1	ratio_vs_baseline	1.000000	12	1.0000	0	0		
rank	stack-frame	(set)	large-subject-throughput	plain	same program	pcrec_334fd10e_auto-caps-simdna_noedge	measured	pinned	1	ratio_vs_best	1.000000	12	1.0000	0	0		
rank	stack-frame	(set)	large-subject-throughput	plain	same program	pcrec_334fd10e_auto-caps-simdna	measured	pinned	2	median_ns	1846380.002132	12	1.0000	0	0		
rank	stack-frame	(set)	large-subject-throughput	plain	same program	pcrec_334fd10e_auto-caps-simdna	measured	pinned	2	min_ns	1842835.912580	12	1.0000	0	0		
rank	stack-frame	(set)	large-subject-throughput	plain	same program	pcrec_334fd10e_auto-caps-simdna	measured	pinned	2	max_ns	1847677.136461	12	1.0000	0	0		
rank	stack-frame	(set)	large-subject-throughput	plain	same program	pcrec_334fd10e_auto-caps-simdna	measured	pinned	2	stddev_ns	1695.010620	12	1.0000	0	0		
rank	stack-frame	(set)	large-subject-throughput	plain	same program	pcrec_334fd10e_auto-caps-simdna	measured	pinned	2	ratio_vs_baseline	1.000465	12	1.0000	0	0		
rank	stack-frame	(set)	large-subject-throughput	plain	same program	pcrec_334fd10e_auto-caps-simdna	measured	pinned	2	ratio_vs_best	1.000465	12	1.0000	0	0		
rank	stack-frame	(set)	short-subject-search	plain	same program	pcrec_334fd10e_auto-caps-simdna	measured	pinned	1	median_ns	31783.226180	112	1.0000	0	0		
rank	stack-frame	(set)	short-subject-search	plain	same program	pcrec_334fd10e_auto-caps-simdna	measured	pinned	1	min_ns	31728.631708	112	1.0000	0	0		
rank	stack-frame	(set)	short-subject-search	plain	same program	pcrec_334fd10e_auto-caps-simdna	measured	pinned	1	max_ns	31841.714205	112	1.0000	0	0		
rank	stack-frame	(set)	short-subject-search	plain	same program	pcrec_334fd10e_auto-caps-simdna	measured	pinned	1	stddev_ns	43.239266	112	1.0000	0	0		
rank	stack-frame	(set)	short-subject-search	plain	same program	pcrec_334fd10e_auto-caps-simdna	measured	pinned	1	ratio_vs_baseline	1.000000	112	1.0000	0	0		
rank	stack-frame	(set)	short-subject-search	plain	same program	pcrec_334fd10e_auto-caps-simdna	measured	pinned	1	ratio_vs_best	1.000000	112	1.0000	0	0		
rank	stack-frame	(set)	short-subject-search	plain	same program	pcrec_334fd10e_auto-caps-simdna_noedge	measured	pinned	2	median_ns	31785.955144	112	1.0000	0	0		
rank	stack-frame	(set)	short-subject-search	plain	same program	pcrec_334fd10e_auto-caps-simdna_noedge	measured	pinned	2	min_ns	31779.870336	112	1.0000	0	0		
rank	stack-frame	(set)	short-subject-search	plain	same program	pcrec_334fd10e_auto-caps-simdna_noedge	measured	pinned	2	max_ns	31867.174905	112	1.0000	0	0		
rank	stack-frame	(set)	short-subject-search	plain	same program	pcrec_334fd10e_auto-caps-simdna_noedge	measured	pinned	2	stddev_ns	33.434909	112	1.0000	0	0		
rank	stack-frame	(set)	short-subject-search	plain	same program	pcrec_334fd10e_auto-caps-simdna_noedge	measured	pinned	2	ratio_vs_baseline	1.000086	112	1.0000	0	0		
rank	stack-frame	(set)	short-subject-search	plain	same program	pcrec_334fd10e_auto-caps-simdna_noedge	measured	pinned	2	ratio_vs_best	1.000086	112	1.0000	0	0		
rank	uuid	(set)	large-subject-throughput	plain	same program	pcrec_334fd10e_auto-caps-simdna	measured	pinned	1	median_ns	1077150.103448	12	1.0000	0	0		
rank	uuid	(set)	large-subject-throughput	plain	same program	pcrec_334fd10e_auto-caps-simdna	measured	pinned	1	min_ns	1076144.773563	12	1.0000	0	0		
rank	uuid	(set)	large-subject-throughput	plain	same program	pcrec_334fd10e_auto-caps-simdna	measured	pinned	1	max_ns	1079786.060920	12	1.0000	0	0		
rank	uuid	(set)	large-subject-throughput	plain	same program	pcrec_334fd10e_auto-caps-simdna	measured	pinned	1	stddev_ns	1501.551657	12	1.0000	0	0		
rank	uuid	(set)	large-subject-throughput	plain	same program	pcrec_334fd10e_auto-caps-simdna	measured	pinned	1	ratio_vs_baseline	1.000000	12	1.0000	0	0		
rank	uuid	(set)	large-subject-throughput	plain	same program	pcrec_334fd10e_auto-caps-simdna	measured	pinned	1	ratio_vs_best	1.000000	12	1.0000	0	0		
rank	uuid	(set)	large-subject-throughput	plain	same program	pcrec_334fd10e_auto-caps-simdna_noedge	measured	pinned	2	median_ns	1077470.414689	12	1.0000	0	0		
rank	uuid	(set)	large-subject-throughput	plain	same program	pcrec_334fd10e_auto-caps-simdna_noedge	measured	pinned	2	min_ns	1076652.758192	12	1.0000	0	0		
rank	uuid	(set)	large-subject-throughput	plain	same program	pcrec_334fd10e_auto-caps-simdna_noedge	measured	pinned	2	max_ns	1080522.511864	12	1.0000	0	0		
rank	uuid	(set)	large-subject-throughput	plain	same program	pcrec_334fd10e_auto-caps-simdna_noedge	measured	pinned	2	stddev_ns	1629.662958	12	1.0000	0	0		
rank	uuid	(set)	large-subject-throughput	plain	same program	pcrec_334fd10e_auto-caps-simdna_noedge	measured	pinned	2	ratio_vs_baseline	1.000297	12	1.0000	0	0		
rank	uuid	(set)	large-subject-throughput	plain	same program	pcrec_334fd10e_auto-caps-simdna_noedge	measured	pinned	2	ratio_vs_best	1.000297	12	1.0000	0	0		
rank	uuid	(set)	short-subject-search	plain	same program	pcrec_334fd10e_auto-caps-simdna	measured	pinned	1	median_ns	21207.271194	112	1.0000	0	0		
rank	uuid	(set)	short-subject-search	plain	same program	pcrec_334fd10e_auto-caps-simdna	measured	pinned	1	min_ns	21183.031029	112	1.0000	0	0		
rank	uuid	(set)	short-subject-search	plain	same program	pcrec_334fd10e_auto-caps-simdna	measured	pinned	1	max_ns	21233.429569	112	1.0000	0	0		
rank	uuid	(set)	short-subject-search	plain	same program	pcrec_334fd10e_auto-caps-simdna	measured	pinned	1	stddev_ns	17.969978	112	1.0000	0	0		
rank	uuid	(set)	short-subject-search	plain	same program	pcrec_334fd10e_auto-caps-simdna	measured	pinned	1	ratio_vs_baseline	1.000000	112	1.0000	0	0		
rank	uuid	(set)	short-subject-search	plain	same program	pcrec_334fd10e_auto-caps-simdna	measured	pinned	1	ratio_vs_best	1.000000	112	1.0000	0	0		
rank	uuid	(set)	short-subject-search	plain	same program	pcrec_334fd10e_auto-caps-simdna_noedge	measured	pinned	2	median_ns	21220.081045	112	1.0000	0	0		
rank	uuid	(set)	short-subject-search	plain	same program	pcrec_334fd10e_auto-caps-simdna_noedge	measured	pinned	2	min_ns	21187.251437	112	1.0000	0	0		
rank	uuid	(set)	short-subject-search	plain	same program	pcrec_334fd10e_auto-caps-simdna_noedge	measured	pinned	2	max_ns	21262.386760	112	1.0000	0	0		
rank	uuid	(set)	short-subject-search	plain	same program	pcrec_334fd10e_auto-caps-simdna_noedge	measured	pinned	2	stddev_ns	25.516532	112	1.0000	0	0		
rank	uuid	(set)	short-subject-search	plain	same program	pcrec_334fd10e_auto-caps-simdna_noedge	measured	pinned	2	ratio_vs_baseline	1.000604	112	1.0000	0	0		
rank	uuid	(set)	short-subject-search	plain	same program	pcrec_334fd10e_auto-caps-simdna_noedge	measured	pinned	2	ratio_vs_best	1.000604	112	1.0000	0	0		
compile	bignum			plain	same program	pcrec_334fd10e_auto-caps-simdna				median_total_ns	157409372.000000	5					
compile	bignum			plain	same program	pcrec_334fd10e_auto-caps-simdna				jitter	0.018						
compile	bignum			plain	same program	pcrec_334fd10e_auto-caps-simdna				artifact_bytes	27848						
compile	bignum			plain	same program	pcrec_334fd10e_auto-caps-simdna				emit_bytes	24040						
compile	bignum			plain	same program	pcrec_334fd10e_auto-caps-simdna				emit_code_bytes	14789						
compile_stamp						pcrec_334fd10e_auto-caps-simdna				engine	dfa						
compile_stamp						pcrec_334fd10e_auto-caps-simdna				entry	plain entry						
compile_stamp						pcrec_334fd10e_auto-caps-simdna				prefilter	-						
compile_stamp						pcrec_334fd10e_auto-caps-simdna				vm_rungs	-						
compile_stamp						pcrec_334fd10e_auto-caps-simdna				buffers	0 (DFA)						
compile_stamp						pcrec_334fd10e_auto-caps-simdna				frame	0 (DFA)						
compile_stamp						pcrec_334fd10e_auto-caps-simdna				dfa_prefilter_offsets	none						
compile_stamp						pcrec_334fd10e_auto-caps-simdna				dfa_match	unwrapped						
compile_stamp						pcrec_334fd10e_auto-caps-simdna				dfa_scan_edge	none						
compile_stamp						pcrec_334fd10e_auto-caps-simdna				scan_edges	0						
compile_stamp						pcrec_334fd10e_auto-caps-simdna				scan_edges_match	0						
compile_stamp						pcrec_334fd10e_auto-caps-simdna				engine_sel	selected						
compile	bignum			whole-subject	separate artifact	pcrec_334fd10e_auto-caps-simdna				median_total_ns	160974475.000000	5					
compile	bignum			whole-subject	separate artifact	pcrec_334fd10e_auto-caps-simdna				jitter	0.029						
compile	bignum			whole-subject	separate artifact	pcrec_334fd10e_auto-caps-simdna				artifact_bytes	27992						
compile	bignum			whole-subject	separate artifact	pcrec_334fd10e_auto-caps-simdna				emit_bytes	27587						
compile	bignum			whole-subject	separate artifact	pcrec_334fd10e_auto-caps-simdna				emit_code_bytes	16760						
compile	floor			plain	same program	pcrec_334fd10e_auto-caps-simdna				median_total_ns	145391010.000000	5					
compile	floor			plain	same program	pcrec_334fd10e_auto-caps-simdna				jitter	0.032						
compile	floor			plain	same program	pcrec_334fd10e_auto-caps-simdna				artifact_bytes	27528						
compile	floor			plain	same program	pcrec_334fd10e_auto-caps-simdna				emit_bytes	18106						
compile	floor			plain	same program	pcrec_334fd10e_auto-caps-simdna				emit_code_bytes	13109						
compile	floor			whole-subject	separate artifact	pcrec_334fd10e_auto-caps-simdna				median_total_ns	155134490.000000	5					
compile	floor			whole-subject	separate artifact	pcrec_334fd10e_auto-caps-simdna				jitter	0.034						
compile	floor			whole-subject	separate artifact	pcrec_334fd10e_auto-caps-simdna				artifact_bytes	27672						
compile	floor			whole-subject	separate artifact	pcrec_334fd10e_auto-caps-simdna				emit_bytes	20449						
compile	floor			whole-subject	separate artifact	pcrec_334fd10e_auto-caps-simdna				emit_code_bytes	15126						
compile	hex32-id			plain	same program	pcrec_334fd10e_auto-caps-simdna				median_total_ns	153968541.000000	5					
compile	hex32-id			plain	same program	pcrec_334fd10e_auto-caps-simdna				jitter	0.042						
compile	hex32-id			plain	same program	pcrec_334fd10e_auto-caps-simdna				artifact_bytes	27848						
compile	hex32-id			plain	same program	pcrec_334fd10e_auto-caps-simdna				emit_bytes	25529						
compile	hex32-id			plain	same program	pcrec_334fd10e_auto-caps-simdna				emit_code_bytes	14789						
compile	hex32-id			whole-subject	separate artifact	pcrec_334fd10e_auto-caps-simdna				median_total_ns	166375307.000000	5					
compile	hex32-id			whole-subject	separate artifact	pcrec_334fd10e_auto-caps-simdna				jitter	0.018						
compile	hex32-id			whole-subject	separate artifact	pcrec_334fd10e_auto-caps-simdna				artifact_bytes	27992						
compile	hex32-id			whole-subject	separate artifact	pcrec_334fd10e_auto-caps-simdna				emit_bytes	28608						
compile	hex32-id			whole-subject	separate artifact	pcrec_334fd10e_auto-caps-simdna				emit_code_bytes	16760						
compile	http-5xx			plain	same program	pcrec_334fd10e_auto-caps-simdna				median_total_ns	177031280.000000	5					
compile	http-5xx			plain	same program	pcrec_334fd10e_auto-caps-simdna				jitter	0.013						
compile	http-5xx			plain	same program	pcrec_334fd10e_auto-caps-simdna				artifact_bytes	36024						
compile	http-5xx			plain	same program	pcrec_334fd10e_auto-caps-simdna				emit_bytes	52302						
compile	http-5xx			plain	same program	pcrec_334fd10e_auto-caps-simdna				emit_code_bytes	16183						
compile	http-5xx			whole-subject	separate artifact	pcrec_334fd10e_auto-caps-simdna				median_total_ns	188359077.000000	5					
compile	http-5xx			whole-subject	separate artifact	pcrec_334fd10e_auto-caps-simdna				jitter	0.031						
compile	http-5xx			whole-subject	separate artifact	pcrec_334fd10e_auto-caps-simdna				artifact_bytes	36168						
compile	http-5xx			whole-subject	separate artifact	pcrec_334fd10e_auto-caps-simdna				emit_bytes	56076						
compile	http-5xx			whole-subject	separate artifact	pcrec_334fd10e_auto-caps-simdna				emit_code_bytes	18148						
compile	ipv4			plain	same program	pcrec_334fd10e_auto-caps-simdna				median_total_ns	152298682.000000	5					
compile	ipv4			plain	same program	pcrec_334fd10e_auto-caps-simdna				jitter	0.028						
compile	ipv4			plain	same program	pcrec_334fd10e_auto-caps-simdna				artifact_bytes	27520						
compile	ipv4			plain	same program	pcrec_334fd10e_auto-caps-simdna				emit_bytes	24759						
compile	ipv4			plain	same program	pcrec_334fd10e_auto-caps-simdna				emit_code_bytes	13141						
compile	ipv4			whole-subject	separate artifact	pcrec_334fd10e_auto-caps-simdna				median_total_ns	156752459.000000	5					
compile	ipv4			whole-subject	separate artifact	pcrec_334fd10e_auto-caps-simdna				jitter	0.031						
compile	ipv4			whole-subject	separate artifact	pcrec_334fd10e_auto-caps-simdna				artifact_bytes	27664						
compile	ipv4			whole-subject	separate artifact	pcrec_334fd10e_auto-caps-simdna				emit_bytes	28581						
compile	ipv4			whole-subject	separate artifact	pcrec_334fd10e_auto-caps-simdna				emit_code_bytes	15053						
compile	ipv6			plain	same program	pcrec_334fd10e_auto-caps-simdna				median_total_ns	159159923.000000	5					
compile	ipv6			plain	same program	pcrec_334fd10e_auto-caps-simdna				jitter	0.021						
compile	ipv6			plain	same program	pcrec_334fd10e_auto-caps-simdna				artifact_bytes	27568						
compile	ipv6			plain	same program	pcrec_334fd10e_auto-caps-simdna				emit_bytes	25725						
compile	ipv6			plain	same program	pcrec_334fd10e_auto-caps-simdna				emit_code_bytes	14182						
compile	ipv6			whole-subject	separate artifact	pcrec_334fd10e_auto-caps-simdna				median_total_ns	166878580.000000	5					
compile	ipv6			whole-subject	separate artifact	pcrec_334fd10e_auto-caps-simdna				jitter	0.025						
compile	ipv6			whole-subject	separate artifact	pcrec_334fd10e_auto-caps-simdna				artifact_bytes	27712						
compile	ipv6			whole-subject	separate artifact	pcrec_334fd10e_auto-caps-simdna				emit_bytes	31104						
compile	ipv6			whole-subject	separate artifact	pcrec_334fd10e_auto-caps-simdna				emit_code_bytes	15978						
compile	iso-ts			plain	same program	pcrec_334fd10e_auto-caps-simdna				median_total_ns	220277679.000000	5					
compile	iso-ts			plain	same program	pcrec_334fd10e_auto-caps-simdna				jitter	0.019						
compile	iso-ts			plain	same program	pcrec_334fd10e_auto-caps-simdna				artifact_bytes	31656						
compile	iso-ts			plain	same program	pcrec_334fd10e_auto-caps-simdna				emit_bytes	34185						
compile	iso-ts			plain	same program	pcrec_334fd10e_auto-caps-simdna				emit_code_bytes	20983						
compile	iso-ts			whole-subject	separate artifact	pcrec_334fd10e_auto-caps-simdna				median_total_ns	219445105.000000	5					
compile	iso-ts			whole-subject	separate artifact	pcrec_334fd10e_auto-caps-simdna				jitter	0.027						
compile	iso-ts			whole-subject	separate artifact	pcrec_334fd10e_auto-caps-simdna				artifact_bytes	31800						
compile	iso-ts			whole-subject	separate artifact	pcrec_334fd10e_auto-caps-simdna				emit_bytes	39290						
compile	iso-ts			whole-subject	separate artifact	pcrec_334fd10e_auto-caps-simdna				emit_code_bytes	22630						
compile	kv-quoted			plain	same program	pcrec_334fd10e_auto-caps-simdna				median_total_ns	160041528.000000	5					
compile	kv-quoted			plain	same program	pcrec_334fd10e_auto-caps-simdna				jitter	0.020						
compile	kv-quoted			plain	same program	pcrec_334fd10e_auto-caps-simdna				artifact_bytes	31912						
compile	kv-quoted			plain	same program	pcrec_334fd10e_auto-caps-simdna				emit_bytes	38521						
compile	kv-quoted			plain	same program	pcrec_334fd10e_auto-caps-simdna				emit_code_bytes	14418						
compile	kv-quoted			whole-subject	separate artifact	pcrec_334fd10e_auto-caps-simdna				median_total_ns	168667941.000000	5					
compile	kv-quoted			whole-subject	separate artifact	pcrec_334fd10e_auto-caps-simdna				jitter	0.044						
compile	kv-quoted			whole-subject	separate artifact	pcrec_334fd10e_auto-caps-simdna				artifact_bytes	32008						
compile	kv-quoted			whole-subject	separate artifact	pcrec_334fd10e_auto-caps-simdna				emit_bytes	43025						
compile	kv-quoted			whole-subject	separate artifact	pcrec_334fd10e_auto-caps-simdna				emit_code_bytes	16213						
compile	level-context			plain	same program	pcrec_334fd10e_auto-caps-simdna				median_total_ns	791623840.000000	5					
compile	level-context			plain	same program	pcrec_334fd10e_auto-caps-simdna				jitter	0.007						
compile	level-context			plain	same program	pcrec_334fd10e_auto-caps-simdna				artifact_bytes	40168						
compile	level-context			plain	same program	pcrec_334fd10e_auto-caps-simdna				emit_bytes	76384						
compile	level-context			plain	same program	pcrec_334fd10e_auto-caps-simdna				emit_code_bytes	34556						
compile	level-context			whole-subject	separate artifact	pcrec_334fd10e_auto-caps-simdna				median_total_ns	998395680.000000	5					
compile	level-context			whole-subject	separate artifact	pcrec_334fd10e_auto-caps-simdna				jitter	0.006						
compile	level-context			whole-subject	separate artifact	pcrec_334fd10e_auto-caps-simdna				artifact_bytes	40256						
compile	level-context			whole-subject	separate artifact	pcrec_334fd10e_auto-caps-simdna				emit_bytes	79407						
compile	level-context			whole-subject	separate artifact	pcrec_334fd10e_auto-caps-simdna				emit_code_bytes	35977						
compile	stack-frame			plain	same program	pcrec_334fd10e_auto-caps-simdna				median_total_ns	173936221.000000	5					
compile	stack-frame			plain	same program	pcrec_334fd10e_auto-caps-simdna				jitter	0.035						
compile	stack-frame			plain	same program	pcrec_334fd10e_auto-caps-simdna				artifact_bytes	39976						
compile	stack-frame			plain	same program	pcrec_334fd10e_auto-caps-simdna				emit_bytes	64758						
compile	stack-frame			plain	same program	pcrec_334fd10e_auto-caps-simdna				emit_code_bytes	14798						
compile	stack-frame			whole-subject	separate artifact	pcrec_334fd10e_auto-caps-simdna				median_total_ns	183801391.000000	5					
compile	stack-frame			whole-subject	separate artifact	pcrec_334fd10e_auto-caps-simdna				jitter	0.041						
compile	stack-frame			whole-subject	separate artifact	pcrec_334fd10e_auto-caps-simdna				artifact_bytes	40112						
compile	stack-frame			whole-subject	separate artifact	pcrec_334fd10e_auto-caps-simdna				emit_bytes	69052						
compile	stack-frame			whole-subject	separate artifact	pcrec_334fd10e_auto-caps-simdna				emit_code_bytes	16763						
compile	uuid			plain	same program	pcrec_334fd10e_auto-caps-simdna				median_total_ns	167949235.000000	5					
compile	uuid			plain	same program	pcrec_334fd10e_auto-caps-simdna				jitter	0.025						
compile	uuid			plain	same program	pcrec_334fd10e_auto-caps-simdna				artifact_bytes	27896						
compile	uuid			plain	same program	pcrec_334fd10e_auto-caps-simdna				emit_bytes	31395						
compile	uuid			plain	same program	pcrec_334fd10e_auto-caps-simdna				emit_code_bytes	15780						
compile	uuid			whole-subject	separate artifact	pcrec_334fd10e_auto-caps-simdna				median_total_ns	175579322.000000	5					
compile	uuid			whole-subject	separate artifact	pcrec_334fd10e_auto-caps-simdna				jitter	0.024						
compile	uuid			whole-subject	separate artifact	pcrec_334fd10e_auto-caps-simdna				artifact_bytes	28032						
compile	uuid			whole-subject	separate artifact	pcrec_334fd10e_auto-caps-simdna				emit_bytes	34668						
compile	uuid			whole-subject	separate artifact	pcrec_334fd10e_auto-caps-simdna				emit_code_bytes	17751						
compile	bignum			plain	same program	pcrec_334fd10e_auto-caps-simdna_noedge				median_total_ns	153640621.000000	5					
compile	bignum			plain	same program	pcrec_334fd10e_auto-caps-simdna_noedge				jitter	0.053						
compile	bignum			plain	same program	pcrec_334fd10e_auto-caps-simdna_noedge				artifact_bytes	27848						
compile	bignum			plain	same program	pcrec_334fd10e_auto-caps-simdna_noedge				emit_bytes	24046						
compile	bignum			plain	same program	pcrec_334fd10e_auto-caps-simdna_noedge				emit_code_bytes	14795						
compile_stamp						pcrec_334fd10e_auto-caps-simdna_noedge				engine	dfa						
compile_stamp						pcrec_334fd10e_auto-caps-simdna_noedge				entry	plain entry						
compile_stamp						pcrec_334fd10e_auto-caps-simdna_noedge				prefilter	-						
compile_stamp						pcrec_334fd10e_auto-caps-simdna_noedge				vm_rungs	-						
compile_stamp						pcrec_334fd10e_auto-caps-simdna_noedge				buffers	0 (DFA)						
compile_stamp						pcrec_334fd10e_auto-caps-simdna_noedge				frame	0 (DFA)						
compile_stamp						pcrec_334fd10e_auto-caps-simdna_noedge				dfa_prefilter_offsets	none						
compile_stamp						pcrec_334fd10e_auto-caps-simdna_noedge				dfa_match	unwrapped						
compile_stamp						pcrec_334fd10e_auto-caps-simdna_noedge				dfa_scan_edge	none						
compile_stamp						pcrec_334fd10e_auto-caps-simdna_noedge				scan_edges	0						
compile_stamp						pcrec_334fd10e_auto-caps-simdna_noedge				scan_edges_match	0						
compile_stamp						pcrec_334fd10e_auto-caps-simdna_noedge				engine_sel	selected						
compile	bignum			whole-subject	separate artifact	pcrec_334fd10e_auto-caps-simdna_noedge				median_total_ns	156638509.000000	5					
compile	bignum			whole-subject	separate artifact	pcrec_334fd10e_auto-caps-simdna_noedge				jitter	0.022						
compile	bignum			whole-subject	separate artifact	pcrec_334fd10e_auto-caps-simdna_noedge				artifact_bytes	27992						
compile	bignum			whole-subject	separate artifact	pcrec_334fd10e_auto-caps-simdna_noedge				emit_bytes	27593						
compile	bignum			whole-subject	separate artifact	pcrec_334fd10e_auto-caps-simdna_noedge				emit_code_bytes	16766						
compile	floor			plain	same program	pcrec_334fd10e_auto-caps-simdna_noedge				median_total_ns	145363962.000000	5					
compile	floor			plain	same program	pcrec_334fd10e_auto-caps-simdna_noedge				jitter	0.033						
compile	floor			plain	same program	pcrec_334fd10e_auto-caps-simdna_noedge				artifact_bytes	27528						
compile	floor			plain	same program	pcrec_334fd10e_auto-caps-simdna_noedge				emit_bytes	18112						
compile	floor			plain	same program	pcrec_334fd10e_auto-caps-simdna_noedge				emit_code_bytes	13115						
compile	floor			whole-subject	separate artifact	pcrec_334fd10e_auto-caps-simdna_noedge				median_total_ns	158334101.000000	5					
compile	floor			whole-subject	separate artifact	pcrec_334fd10e_auto-caps-simdna_noedge				jitter	0.008						
compile	floor			whole-subject	separate artifact	pcrec_334fd10e_auto-caps-simdna_noedge				artifact_bytes	27672						
compile	floor			whole-subject	separate artifact	pcrec_334fd10e_auto-caps-simdna_noedge				emit_bytes	20455						
compile	floor			whole-subject	separate artifact	pcrec_334fd10e_auto-caps-simdna_noedge				emit_code_bytes	15132						
compile	hex32-id			plain	same program	pcrec_334fd10e_auto-caps-simdna_noedge				median_total_ns	148284959.000000	5					
compile	hex32-id			plain	same program	pcrec_334fd10e_auto-caps-simdna_noedge				jitter	0.032						
compile	hex32-id			plain	same program	pcrec_334fd10e_auto-caps-simdna_noedge				artifact_bytes	27848						
compile	hex32-id			plain	same program	pcrec_334fd10e_auto-caps-simdna_noedge				emit_bytes	25535						
compile	hex32-id			plain	same program	pcrec_334fd10e_auto-caps-simdna_noedge				emit_code_bytes	14795						
compile	hex32-id			whole-subject	separate artifact	pcrec_334fd10e_auto-caps-simdna_noedge				median_total_ns	162467925.000000	5					
compile	hex32-id			whole-subject	separate artifact	pcrec_334fd10e_auto-caps-simdna_noedge				jitter	0.049						
compile	hex32-id			whole-subject	separate artifact	pcrec_334fd10e_auto-caps-simdna_noedge				artifact_bytes	27992						
compile	hex32-id			whole-subject	separate artifact	pcrec_334fd10e_auto-caps-simdna_noedge				emit_bytes	28614						
compile	hex32-id			whole-subject	separate artifact	pcrec_334fd10e_auto-caps-simdna_noedge				emit_code_bytes	16766						
compile	http-5xx			plain	same program	pcrec_334fd10e_auto-caps-simdna_noedge				median_total_ns	159361746.000000	5					
compile	http-5xx			plain	same program	pcrec_334fd10e_auto-caps-simdna_noedge				jitter	0.024						
compile	http-5xx			plain	same program	pcrec_334fd10e_auto-caps-simdna_noedge				artifact_bytes	36024						
compile	http-5xx			plain	same program	pcrec_334fd10e_auto-caps-simdna_noedge				emit_bytes	51427						
compile	http-5xx			plain	same program	pcrec_334fd10e_auto-caps-simdna_noedge				emit_code_bytes	14754						
compile	http-5xx			whole-subject	separate artifact	pcrec_334fd10e_auto-caps-simdna_noedge				median_total_ns	177024960.000000	5					
compile	http-5xx			whole-subject	separate artifact	pcrec_334fd10e_auto-caps-simdna_noedge				jitter	0.012						
compile	http-5xx			whole-subject	separate artifact	pcrec_334fd10e_auto-caps-simdna_noedge				artifact_bytes	36168						
compile	http-5xx			whole-subject	separate artifact	pcrec_334fd10e_auto-caps-simdna_noedge				emit_bytes	55223						
compile	http-5xx			whole-subject	separate artifact	pcrec_334fd10e_auto-caps-simdna_noedge				emit_code_bytes	16719						
compile	ipv4			plain	same program	pcrec_334fd10e_auto-caps-simdna_noedge				median_total_ns	147614684.000000	5					
compile	ipv4			plain	same program	pcrec_334fd10e_auto-caps-simdna_noedge				jitter	0.014						
compile	ipv4			plain	same program	pcrec_334fd10e_auto-caps-simdna_noedge				artifact_bytes	27520						
compile	ipv4			plain	same program	pcrec_334fd10e_auto-caps-simdna_noedge				emit_bytes	24765						
compile	ipv4			plain	same program	pcrec_334fd10e_auto-caps-simdna_noedge				emit_code_bytes	13147						
compile	ipv4			whole-subject	separate artifact	pcrec_334fd10e_auto-caps-simdna_noedge				median_total_ns	161833691.000000	5					
compile	ipv4			whole-subject	separate artifact	pcrec_334fd10e_auto-caps-simdna_noedge				jitter	0.039						
compile	ipv4			whole-subject	separate artifact	pcrec_334fd10e_auto-caps-simdna_noedge				artifact_bytes	27664						
compile	ipv4			whole-subject	separate artifact	pcrec_334fd10e_auto-caps-simdna_noedge				emit_bytes	28587						
compile	ipv4			whole-subject	separate artifact	pcrec_334fd10e_auto-caps-simdna_noedge				emit_code_bytes	15059						
compile	ipv6			plain	same program	pcrec_334fd10e_auto-caps-simdna_noedge				median_total_ns	151005416.000000	5					
compile	ipv6			plain	same program	pcrec_334fd10e_auto-caps-simdna_noedge				jitter	0.012						
compile	ipv6			plain	same program	pcrec_334fd10e_auto-caps-simdna_noedge				artifact_bytes	27520						
compile	ipv6			plain	same program	pcrec_334fd10e_auto-caps-simdna_noedge				emit_bytes	23242						
compile	ipv6			plain	same program	pcrec_334fd10e_auto-caps-simdna_noedge				emit_code_bytes	13118						
compile	ipv6			whole-subject	separate artifact	pcrec_334fd10e_auto-caps-simdna_noedge				median_total_ns	156547119.000000	5					
compile	ipv6			whole-subject	separate artifact	pcrec_334fd10e_auto-caps-simdna_noedge				jitter	0.040						
compile	ipv6			whole-subject	separate artifact	pcrec_334fd10e_auto-caps-simdna_noedge				artifact_bytes	27664						
compile	ipv6			whole-subject	separate artifact	pcrec_334fd10e_auto-caps-simdna_noedge				emit_bytes	28751						
compile	ipv6			whole-subject	separate artifact	pcrec_334fd10e_auto-caps-simdna_noedge				emit_code_bytes	15030						
compile	iso-ts			plain	same program	pcrec_334fd10e_auto-caps-simdna_noedge				median_total_ns	156463678.000000	5					
compile	iso-ts			plain	same program	pcrec_334fd10e_auto-caps-simdna_noedge				jitter	0.031						
compile	iso-ts			plain	same program	pcrec_334fd10e_auto-caps-simdna_noedge				artifact_bytes	27560						
compile	iso-ts			plain	same program	pcrec_334fd10e_auto-caps-simdna_noedge				emit_bytes	27929						
compile	iso-ts			plain	same program	pcrec_334fd10e_auto-caps-simdna_noedge				emit_code_bytes	13586						
compile	iso-ts			whole-subject	separate artifact	pcrec_334fd10e_auto-caps-simdna_noedge				median_total_ns	162934407.000000	5					
compile	iso-ts			whole-subject	separate artifact	pcrec_334fd10e_auto-caps-simdna_noedge				jitter	0.039						
compile	iso-ts			whole-subject	separate artifact	pcrec_334fd10e_auto-caps-simdna_noedge				artifact_bytes	31800						
compile	iso-ts			whole-subject	separate artifact	pcrec_334fd10e_auto-caps-simdna_noedge				emit_bytes	33703						
compile	iso-ts			whole-subject	separate artifact	pcrec_334fd10e_auto-caps-simdna_noedge				emit_code_bytes	15675						
compile	kv-quoted			plain	same program	pcrec_334fd10e_auto-caps-simdna_noedge				median_total_ns	155563663.000000	5					
compile	kv-quoted			plain	same program	pcrec_334fd10e_auto-caps-simdna_noedge				jitter	0.036						
compile	kv-quoted			plain	same program	pcrec_334fd10e_auto-caps-simdna_noedge				artifact_bytes	31912						
compile	kv-quoted			plain	same program	pcrec_334fd10e_auto-caps-simdna_noedge				emit_bytes	38527						
compile	kv-quoted			plain	same program	pcrec_334fd10e_auto-caps-simdna_noedge				emit_code_bytes	14424						
compile	kv-quoted			whole-subject	separate artifact	pcrec_334fd10e_auto-caps-simdna_noedge				median_total_ns	168273980.000000	5					
compile	kv-quoted			whole-subject	separate artifact	pcrec_334fd10e_auto-caps-simdna_noedge				jitter	0.037						
compile	kv-quoted			whole-subject	separate artifact	pcrec_334fd10e_auto-caps-simdna_noedge				artifact_bytes	32008						
compile	kv-quoted			whole-subject	separate artifact	pcrec_334fd10e_auto-caps-simdna_noedge				emit_bytes	43031						
compile	kv-quoted			whole-subject	separate artifact	pcrec_334fd10e_auto-caps-simdna_noedge				emit_code_bytes	16219						
compile	level-context			plain	same program	pcrec_334fd10e_auto-caps-simdna_noedge				median_total_ns	789883146.000000	5					
compile	level-context			plain	same program	pcrec_334fd10e_auto-caps-simdna_noedge				jitter	0.009						
compile	level-context			plain	same program	pcrec_334fd10e_auto-caps-simdna_noedge				artifact_bytes	40168						
compile	level-context			plain	same program	pcrec_334fd10e_auto-caps-simdna_noedge				emit_bytes	76390						
compile	level-context			plain	same program	pcrec_334fd10e_auto-caps-simdna_noedge				emit_code_bytes	34562						
compile	level-context			whole-subject	separate artifact	pcrec_334fd10e_auto-caps-simdna_noedge				median_total_ns	1002687173.000000	5					
compile	level-context			whole-subject	separate artifact	pcrec_334fd10e_auto-caps-simdna_noedge				jitter	0.007						
compile	level-context			whole-subject	separate artifact	pcrec_334fd10e_auto-caps-simdna_noedge				artifact_bytes	40256						
compile	level-context			whole-subject	separate artifact	pcrec_334fd10e_auto-caps-simdna_noedge				emit_bytes	79413						
compile	level-context			whole-subject	separate artifact	pcrec_334fd10e_auto-caps-simdna_noedge				emit_code_bytes	35983						
compile	stack-frame			plain	same program	pcrec_334fd10e_auto-caps-simdna_noedge				median_total_ns	171490428.000000	5					
compile	stack-frame			plain	same program	pcrec_334fd10e_auto-caps-simdna_noedge				jitter	0.033						
compile	stack-frame			plain	same program	pcrec_334fd10e_auto-caps-simdna_noedge				artifact_bytes	39976						
compile	stack-frame			plain	same program	pcrec_334fd10e_auto-caps-simdna_noedge				emit_bytes	64764						
compile	stack-frame			plain	same program	pcrec_334fd10e_auto-caps-simdna_noedge				emit_code_bytes	14804						
compile	stack-frame			whole-subject	separate artifact	pcrec_334fd10e_auto-caps-simdna_noedge				median_total_ns	183711340.000000	5					
compile	stack-frame			whole-subject	separate artifact	pcrec_334fd10e_auto-caps-simdna_noedge				jitter	0.026						
compile	stack-frame			whole-subject	separate artifact	pcrec_334fd10e_auto-caps-simdna_noedge				artifact_bytes	40112						
compile	stack-frame			whole-subject	separate artifact	pcrec_334fd10e_auto-caps-simdna_noedge				emit_bytes	69058						
compile	stack-frame			whole-subject	separate artifact	pcrec_334fd10e_auto-caps-simdna_noedge				emit_code_bytes	16769						
compile	uuid			plain	same program	pcrec_334fd10e_auto-caps-simdna_noedge				median_total_ns	164477385.000000	5					
compile	uuid			plain	same program	pcrec_334fd10e_auto-caps-simdna_noedge				jitter	0.023						
compile	uuid			plain	same program	pcrec_334fd10e_auto-caps-simdna_noedge				artifact_bytes	27896						
compile	uuid			plain	same program	pcrec_334fd10e_auto-caps-simdna_noedge				emit_bytes	31401						
compile	uuid			plain	same program	pcrec_334fd10e_auto-caps-simdna_noedge				emit_code_bytes	15786						
compile	uuid			whole-subject	separate artifact	pcrec_334fd10e_auto-caps-simdna_noedge				median_total_ns	175101780.000000	5					
compile	uuid			whole-subject	separate artifact	pcrec_334fd10e_auto-caps-simdna_noedge				jitter	0.027						
compile	uuid			whole-subject	separate artifact	pcrec_334fd10e_auto-caps-simdna_noedge				artifact_bytes	28032						
compile	uuid			whole-subject	separate artifact	pcrec_334fd10e_auto-caps-simdna_noedge				emit_bytes	34674						
compile	uuid			whole-subject	separate artifact	pcrec_334fd10e_auto-caps-simdna_noedge				emit_code_bytes	17757						
